0.000000000000000e+000,8.476663e+000
1.023000000000579e-004,8.476663e+000
2.047000000001159e-004,8.472787e+000
2.099714285715475e-004,8.471563e+000
2.152428571429791e-004,8.468996e+000
2.205142857144106e-004,8.465086e+000
2.257857142858422e-004,8.459833e+000
2.310571428572737e-004,8.453237e+000
2.363285714287053e-004,8.445299e+000
2.416000000001368e-004,8.436017e+000
2.424142857144230e-004,8.434017e+000
2.432285714287092e-004,8.431545e+000
2.440428571429954e-004,8.428602e+000
2.448571428572815e-004,8.425187e+000
2.456714285715677e-004,8.421300e+000
2.464857142858539e-004,8.416941e+000
2.473000000001401e-004,8.412110e+000
2.475285714287117e-004,8.410499e+000
2.477571428572832e-004,8.408680e+000
2.479857142858547e-004,8.406653e+000
2.482142857144263e-004,8.404418e+000
2.484428571429979e-004,8.401975e+000
2.486714285715694e-004,8.399324e+000
2.489000000001410e-004,8.396464e+000
2.491000000001411e-004,8.393517e+000
2.492000000001412e-004,8.391891e+000
2.493000000001412e-004,8.390144e+000
2.494000000001413e-004,8.388258e+000
2.495000000001413e-004,8.386206e+000
2.496000000001414e-004,8.383957e+000
2.497000000001414e-004,8.381467e+000
2.498000000001415e-004,8.378680e+000
2.499000000001416e-004,8.375515e+000
2.500000000001416e-004,8.371852e+000
2.501000000001417e-004,8.367504e+000
2.502000000001417e-004,8.362163e+000
2.503000000001418e-004,8.355246e+000
2.504000000001418e-004,8.345448e+000
2.505000000001419e-004,8.328837e+000
2.506000000001419e-004,8.297210e+000
2.506606077878409e-004,8.257035e+000
2.507302433598132e-004,8.177567e+000
2.507854124009410e-004,8.085405e+000
2.508463387735028e-004,7.944683e+000
2.509063085800838e-004,7.754335e+000
2.509753012875254e-004,7.440229e+000
2.510667222227838e-004,6.832554e+000
2.511667222227839e-004,5.921803e+000
2.512309664708496e-004,5.192519e+000
2.512984839708101e-004,4.337845e+000
2.513705996161485e-004,3.401470e+000
2.514386269563832e-004,2.515255e+000
2.515184030162569e-004,1.475015e+000
2.516050567601068e-004,3.437970e-001
2.516407620860414e-004,-1.227390e-001
2.516752591717880e-004,-5.737827e-001
2.516868614916490e-004,-7.255421e-001
2.516978852911851e-004,-8.697823e-001
2.517123857580098e-004,-1.059562e+000
2.517305742198597e-004,-1.297668e+000
2.517420276412585e-004,-1.447642e+000
2.517551793844244e-004,-1.619895e+000
2.517702473428722e-004,-1.817291e+000
2.517886399577760e-004,-2.058310e+000
2.518113568054782e-004,-2.356099e+000
2.518437721976262e-004,-2.781208e+000
2.518770627100170e-004,-3.218017e+000
2.519135744202001e-004,-3.697376e+000
2.519557990302089e-004,-4.252110e+000
2.520060279629054e-004,-4.912590e+000
2.520934378423640e-004,-6.063300e+000
2.521934378423641e-004,-7.381327e+000
2.522467221557020e-004,-8.040160e+000
2.522772805076379e-004,-8.299767e+000
2.523004130426303e-004,-8.374069e+000
2.523168655465468e-004,-8.386751e+000
2.523271602283992e-004,-8.391857e+000
2.523405520756872e-004,-8.396897e+000
2.523673357702632e-004,-8.405037e+000
2.523799085022264e-004,-8.408210e+000
2.523944010024680e-004,-8.411274e+000
2.524117126227676e-004,-8.414496e+000
2.524302213608054e-004,-8.417526e+000
2.524504132275962e-004,-8.420435e+000
2.524732331428781e-004,-8.423325e+000
2.525017512923177e-004,-8.426458e+000
2.525434505275352e-004,-8.430401e+000
2.525848810410708e-004,-8.433722e+000
2.526433481455012e-004,-8.437673e+000
2.526978726547756e-004,-8.440736e+000
2.527978726547756e-004,-8.445326e+000
2.528978726547757e-004,-8.449102e+000
2.530978726547758e-004,-8.454782e+000
2.533978726547760e-004,-8.460552e+000
2.536550155119189e-004,-8.463612e+000
2.539121583690620e-004,-8.466255e+000
2.541693012262050e-004,-8.468481e+000
2.544264440833480e-004,-8.470290e+000
2.546835869404910e-004,-8.471681e+000
2.549407297976340e-004,-8.472655e+000
2.551978726547770e-004,-8.473212e+000
2.565978726547778e-004,-8.474782e+000
2.579978726547786e-004,-8.476019e+000
2.593978726547794e-004,-8.476922e+000
2.607978726547802e-004,-8.477493e+000
2.621978726547809e-004,-8.477730e+000
2.635978726547817e-004,-8.477634e+000
2.649978726547825e-004,-8.477204e+000
3.041978726548047e-004,-8.477180e+000
4.065978726548627e-004,-8.477102e+000
5.089978726549207e-004,-8.477024e+000
6.113978726549787e-004,-8.476945e+000
7.137978726550367e-004,-8.476867e+000
8.161978726550947e-004,-8.476788e+000
8.308121583693887e-004,-8.477272e+000
8.454264440836827e-004,-8.476880e+000
8.600407297979767e-004,-8.475614e+000
8.746550155122707e-004,-8.473472e+000
8.892693012265647e-004,-8.470455e+000
9.038835869408587e-004,-8.466562e+000
9.184978726551527e-004,-8.461794e+000
9.185978726551527e-004,-8.461753e+000
9.245835869408681e-004,-8.459850e+000
9.305693012265834e-004,-8.456960e+000
9.365550155122989e-004,-8.453083e+000
9.425407297980142e-004,-8.448219e+000
9.485264440837295e-004,-8.442367e+000
9.545121583694449e-004,-8.435528e+000
9.604978726551602e-004,-8.427702e+000
9.616407297980155e-004,-8.425761e+000
9.627835869408708e-004,-8.423381e+000
9.639264440837261e-004,-8.420562e+000
9.650693012265815e-004,-8.417303e+000
9.662121583694367e-004,-8.413606e+000
9.673550155122921e-004,-8.409469e+000
9.684978726551474e-004,-8.404894e+000
9.688407297980039e-004,-8.403284e+000
9.691835869408606e-004,-8.401442e+000
9.695264440837171e-004,-8.399367e+000
9.698693012265738e-004,-8.397061e+000
9.702121583694303e-004,-8.394522e+000
9.705550155122870e-004,-8.391751e+000
9.708978726551435e-004,-8.388748e+000
9.711978726551431e-004,-8.385582e+000
9.714978726551426e-004,-8.381884e+000
9.716978726551423e-004,-8.379021e+000
9.717978726551421e-004,-8.377436e+000
9.718978726551419e-004,-8.375727e+000
9.719978726551418e-004,-8.373872e+000
9.720978726551416e-004,-8.371845e+000
9.721978726551415e-004,-8.369612e+000
9.722978726551413e-004,-8.367125e+000
9.723978726551411e-004,-8.364317e+000
9.724978726551410e-004,-8.361095e+000
9.725978726551408e-004,-8.357323e+000
9.726978726551407e-004,-8.352770e+000
9.727978726551405e-004,-8.347046e+000
9.728978726551403e-004,-8.339395e+000
9.729978726551402e-004,-8.328039e+000
9.730978726551400e-004,-8.307743e+000
9.731978726551399e-004,-8.267640e+000
9.732771328597933e-004,-8.206421e+000
9.733625381620229e-004,-8.092135e+000
9.734603783147213e-004,-7.885547e+000
9.735430380235321e-004,-7.613022e+000
9.736306916936629e-004,-7.162929e+000
9.737306916936628e-004,-6.399940e+000
9.738306916936626e-004,-5.378393e+000
9.738989646388904e-004,-4.553063e+000
9.739733020663354e-004,-3.597159e+000
9.740402943009909e-004,-2.730315e+000
9.741112308783340e-004,-1.812725e+000
9.741852967210659e-004,-8.546034e-001
9.742301815012129e-004,-2.739839e-001
9.742675164054323e-004,2.089641e-001
9.743087128478633e-004,7.418654e-001
9.743228714319155e-004,9.250246e-001
9.743377730811629e-004,1.117805e+000
9.743533818231259e-004,1.319732e+000
9.743730296119493e-004,1.573908e+000
9.743912501260824e-004,1.809615e+000
9.744164434414668e-004,2.135517e+000
9.744479225281613e-004,2.542723e+000
9.744861198572210e-004,3.036829e+000
9.745275258969720e-004,3.572437e+000
9.745734797650552e-004,4.166871e+000
9.746292329372722e-004,4.888060e+000
9.747292329372720e-004,6.181589e+000
9.748292329372719e-004,7.475085e+000
9.748814527256971e-004,8.091436e+000
9.749118092665906e-004,8.315059e+000
9.749384154405798e-004,8.379715e+000
9.749543914141542e-004,8.389915e+000
9.749660810558160e-004,8.394871e+000
9.749809850870483e-004,8.399830e+000
9.750046109728780e-004,8.406327e+000
9.750168129345647e-004,8.409181e+000
9.750285899816618e-004,8.411563e+000
9.750428022277722e-004,8.414147e+000
9.750583546955520e-004,8.416697e+000
9.750749353676569e-004,8.419141e+000
9.750930878994085e-004,8.421548e+000
9.751140847126245e-004,8.424042e+000
9.751402153269227e-004,8.426783e+000
9.751788724563374e-004,8.430339e+000
9.752560086073296e-004,8.436060e+000
9.753025809069366e-004,8.438846e+000
9.753760978732269e-004,8.442535e+000
9.754760978732267e-004,8.446692e+000
9.755760978732266e-004,8.450111e+000
9.757760978732263e-004,8.455329e+000
9.760760978732258e-004,8.460724e+000
9.763475264446540e-004,8.463742e+000
9.766189550160821e-004,8.466341e+000
9.768903835875103e-004,8.468522e+000
9.771618121589382e-004,8.470285e+000
9.774332407303664e-004,8.471629e+000
9.777046693017946e-004,8.472554e+000
9.779760978732227e-004,8.473062e+000
9.795332407303630e-004,8.474505e+000
9.810903835875036e-004,8.475639e+000
9.826475264446439e-004,8.476463e+000
9.842046693017842e-004,8.476977e+000
9.857618121589245e-004,8.477182e+000
9.873189550160650e-004,8.477076e+000
9.888760978732053e-004,8.476661e+000
1.018376097873158e-003,8.476663e+000
1.120776097872994e-003,8.476663e+000
1.223176097872830e-003,8.476663e+000
1.235561812158524e-003,8.479364e+000
1.247947526444219e-003,8.479737e+000
1.260333240729913e-003,8.477784e+000
1.272718955015608e-003,8.473503e+000
1.285104669301302e-003,8.466894e+000
1.297490383586997e-003,8.457958e+000
1.309876097872691e-003,8.446695e+000
1.311261812158403e-003,8.444629e+000
1.312647526444115e-003,8.441918e+000
1.314033240729827e-003,8.438562e+000
1.315418955015539e-003,8.434562e+000
1.316804669301251e-003,8.429916e+000
1.318190383586964e-003,8.424625e+000
1.319576097872676e-003,8.418690e+000
1.319904669301246e-003,8.416950e+000
1.320233240729817e-003,8.414945e+000
1.320561812158388e-003,8.412674e+000
1.320890383586959e-003,8.410138e+000
1.321218955015530e-003,8.407336e+000
1.321547526444101e-003,8.404269e+000
1.321876097872672e-003,8.400937e+000
1.322176097872671e-003,8.397221e+000
1.322376097872671e-003,8.394372e+000
1.322476097872671e-003,8.392807e+000
1.322576097872671e-003,8.391130e+000
1.322676097872671e-003,8.389324e+000
1.322776097872670e-003,8.387367e+000
1.322876097872670e-003,8.385231e+000
1.322976097872670e-003,8.382881e+000
1.323076097872670e-003,8.380268e+000
1.323176097872670e-003,8.377324e+000
1.323276097872670e-003,8.373956e+000
1.323376097872669e-003,8.370017e+000
1.323476097872669e-003,8.365276e+000
1.323576097872669e-003,8.359331e+000
1.323676097872669e-003,8.351372e+000
1.323776097872669e-003,8.339365e+000
1.323876097872669e-003,8.317539e+000
1.323962136329807e-003,8.280007e+000
1.324019329377956e-003,8.230844e+000
1.324089348694126e-003,8.134165e+000
1.324147671189019e-003,8.020649e+000
1.324205173281047e-003,7.866027e+000
1.324269734532057e-003,7.626398e+000
1.324340966391840e-003,7.243545e+000
1.324440966391840e-003,6.477159e+000
1.324528117875942e-003,5.596092e+000
1.324590434141730e-003,4.846295e+000
1.324662315913091e-003,3.921361e+000
1.324735299132094e-003,2.971728e+000
1.324801113827946e-003,2.114095e+000
1.324877804275269e-003,1.113738e+000
1.324920653967123e-003,5.543141e-001
1.324947962731694e-003,1.975525e-001
1.324970311865546e-003,-9.454062e-002
1.324995769566866e-003,-4.273745e-001
1.325008376510800e-003,-5.922514e-001
1.325021769068156e-003,-7.674560e-001
1.325036966540915e-003,-9.663280e-001
1.325055172778704e-003,-1.204641e+000
1.325071846373333e-003,-1.422954e+000
1.325085835816183e-003,-1.606171e+000
1.325101674554996e-003,-1.813661e+000
1.325118843237467e-003,-2.038637e+000
1.325142236424208e-003,-2.345287e+000
1.325173404070689e-003,-2.754023e+000
1.325207203769108e-003,-3.197502e+000
1.325243744368417e-003,-3.677227e+000
1.325285785331281e-003,-4.229531e+000
1.325335263243263e-003,-4.880109e+000
1.325421015412844e-003,-6.008938e+000
1.325521015412843e-003,-7.326908e+000
1.325578600258458e-003,-8.038443e+000
1.325609848774221e-003,-8.300982e+000
1.325633846673919e-003,-8.375584e+000
1.325649657940966e-003,-8.387352e+000
1.325659973219991e-003,-8.392337e+000
1.325673310295645e-003,-8.397277e+000
1.325699984446952e-003,-8.405247e+000
1.325714576848901e-003,-8.408862e+000
1.325728500900974e-003,-8.411756e+000
1.325745407520686e-003,-8.414844e+000
1.325764008582585e-003,-8.417843e+000
1.325784532571613e-003,-8.420758e+000
1.325807839021012e-003,-8.423666e+000
1.325837214274586e-003,-8.426835e+000
1.325881634042854e-003,-8.430949e+000
1.325922634921823e-003,-8.434171e+000
1.325981676363388e-003,-8.438074e+000
1.326038001182903e-003,-8.441175e+000
1.326138001182903e-003,-8.445677e+000
1.326238001182903e-003,-8.449387e+000
1.326438001182902e-003,-8.454981e+000
1.326738001182902e-003,-8.460682e+000
1.326995144040044e-003,-8.463715e+000
1.327252286897187e-003,-8.466334e+000
1.327509429754329e-003,-8.468541e+000
1.327766572611472e-003,-8.470334e+000
1.328023715468614e-003,-8.471715e+000
1.328280858325757e-003,-8.472682e+000
1.328538001182899e-003,-8.473236e+000
1.329938001182897e-003,-8.474797e+000
1.331338001182895e-003,-8.476026e+000
1.332738001182892e-003,-8.476924e+000
1.334138001182890e-003,-8.477491e+000
1.335538001182888e-003,-8.477727e+000
1.336938001182886e-003,-8.477631e+000
1.338338001182883e-003,-8.477204e+000
1.424938001182745e-003,-8.477144e+000
1.527338001182581e-003,-8.477066e+000
1.629738001182417e-003,-8.476988e+000
1.732138001182253e-003,-8.476909e+000
1.834538001182088e-003,-8.476830e+000
1.936938001181924e-003,-8.475132e+000
1.949852286896190e-003,-8.474383e+000
1.962766572610455e-003,-8.472085e+000
1.975680858324720e-003,-8.468239e+000
1.988595144038984e-003,-8.462844e+000
2.001509429753250e-003,-8.455901e+000
2.014423715467515e-003,-8.447409e+000
2.027338001181780e-003,-8.437368e+000
2.029038001181777e-003,-8.435423e+000
2.030738001181774e-003,-8.433056e+000
2.032438001181771e-003,-8.430267e+000
2.034138001181769e-003,-8.427055e+000
2.035838001181766e-003,-8.423422e+000
2.037538001181763e-003,-8.419367e+000
2.039238001181761e-003,-8.414889e+000
2.039338001181760e-003,-8.414574e+000
2.039909429753188e-003,-8.412827e+000
2.040480858324616e-003,-8.410785e+000
2.041052286896043e-003,-8.408448e+000
2.041623715467471e-003,-8.405815e+000
2.042195144038899e-003,-8.402887e+000
2.042766572610327e-003,-8.399664e+000
2.043338001181754e-003,-8.396145e+000
2.043538001181754e-003,-8.394743e+000
2.043738001181753e-003,-8.393186e+000
2.043938001181753e-003,-8.391474e+000
2.044138001181753e-003,-8.389607e+000
2.044338001181752e-003,-8.387585e+000
2.044538001181752e-003,-8.385408e+000
2.044738001181752e-003,-8.383076e+000
2.044938001181751e-003,-8.380373e+000
2.045038001181751e-003,-8.378886e+000
2.045138001181751e-003,-8.377291e+000
2.045238001181751e-003,-8.375570e+000
2.045338001181751e-003,-8.373702e+000
2.045438001181751e-003,-8.371658e+000
2.045538001181750e-003,-8.369405e+000
2.045638001181750e-003,-8.366892e+000
2.045738001181750e-003,-8.364052e+000
2.045838001181750e-003,-8.360789e+000
2.045938001181750e-003,-8.356959e+000
2.046038001181750e-003,-8.352323e+000
2.046138001181749e-003,-8.346468e+000
2.046238001181749e-003,-8.338587e+000
2.046338001181749e-003,-8.326743e+000
2.046438001181749e-003,-8.305153e+000
2.046538001181749e-003,-8.261986e+000
2.046618821801957e-003,-8.195454e+000
2.046703853266962e-003,-8.074719e+000
2.046803853266962e-003,-7.850279e+000
2.046887618999709e-003,-7.556010e+000
2.046975906337920e-003,-7.073718e+000
2.047075906337920e-003,-6.282687e+000
2.047156903835821e-003,-5.441820e+000
2.047220051052482e-003,-4.674691e+000
2.047290713382588e-003,-3.767685e+000
2.047356198530765e-003,-2.920577e+000
2.047425717419251e-003,-2.021269e+000
2.047498534087338e-003,-1.079312e+000
2.047551202777835e-003,-3.979982e-001
2.047597256569615e-003,1.977355e-001
2.047640582585609e-003,7.581859e-001
2.047655862723422e-003,9.558543e-001
2.047671728988599e-003,1.161113e+000
2.047688090426097e-003,1.372778e+000
2.047707196996898e-003,1.619951e+000
2.047726412603750e-003,1.868530e+000
2.047752449136986e-003,2.205338e+000
2.047788207387916e-003,2.667897e+000
2.047823899039469e-003,3.129589e+000
2.047865213821833e-003,3.664016e+000
2.047911316523569e-003,4.260375e+000
2.047972318096248e-003,5.049454e+000
2.048072318096247e-003,6.342981e+000
2.048172318096247e-003,7.636270e+000
2.048216709489598e-003,8.146873e+000
2.048244011445350e-003,8.327146e+000
2.048272193756519e-003,8.382045e+000
2.048285795798413e-003,8.390347e+000
2.048298058177978e-003,8.395381e+000
2.048312765708078e-003,8.400229e+000
2.048334125724657e-003,8.406083e+000
2.048346623193077e-003,8.409009e+000
2.048358824938982e-003,8.411490e+000
2.048373239936393e-003,8.414121e+000
2.048388667106956e-003,8.416653e+000
2.048405272922009e-003,8.419106e+000
2.048423362142603e-003,8.421507e+000
2.048444475872948e-003,8.424018e+000
2.048470641561998e-003,8.426764e+000
2.048509844038257e-003,8.430370e+000
2.048586593013213e-003,8.436059e+000
2.048633085791627e-003,8.438839e+000
2.048707533490832e-003,8.442573e+000
2.048807533490832e-003,8.446724e+000
2.048907533490832e-003,8.450137e+000
2.049107533490832e-003,8.455347e+000
2.049407533490831e-003,8.460736e+000
2.049678962062259e-003,8.463751e+000
2.049950390633687e-003,8.466349e+000
2.050221819205115e-003,8.468528e+000
2.050493247776544e-003,8.470289e+000
2.050764676347972e-003,8.471632e+000
2.051036104919400e-003,8.472557e+000
2.051307533490828e-003,8.473063e+000
2.052864676347968e-003,8.474506e+000
2.054421819205109e-003,8.475640e+000
2.055978962062249e-003,8.476463e+000
2.057536104919390e-003,8.476977e+000
2.059093247776530e-003,8.477181e+000
2.060650390633670e-003,8.477076e+000
2.062207533490811e-003,8.476661e+000
2.139107533490687e-003,8.476663e+000
2.241507533490523e-003,8.476663e+000
2.343907533490359e-003,8.475050e+000
2.350136104918921e-003,8.474280e+000
2.356364676347482e-003,8.472000e+000
2.362593247776044e-003,8.468210e+000
2.368821819204605e-003,8.462910e+000
2.375050390633167e-003,8.456099e+000
2.381278962061728e-003,8.447778e+000
2.387507533490289e-003,8.437947e+000
2.388407533490288e-003,8.435925e+000
2.389307533490287e-003,8.433399e+000
2.390207533490285e-003,8.430367e+000
2.391107533490284e-003,8.426831e+000
2.392007533490282e-003,8.422790e+000
2.392907533490281e-003,8.418244e+000
2.393807533490279e-003,8.413194e+000
2.394050390633136e-003,8.411560e+000
2.394293247775993e-003,8.409710e+000
2.394536104918850e-003,8.407643e+000
2.394778962061706e-003,8.405359e+000
2.395021819204563e-003,8.402859e+000
2.395264676347420e-003,8.400141e+000
2.395507533490277e-003,8.397206e+000
2.395707533490276e-003,8.394356e+000
2.395807533490276e-003,8.392790e+000
2.395907533490276e-003,8.391111e+000
2.396007533490276e-003,8.389304e+000
2.396107533490276e-003,8.387345e+000
2.396207533490275e-003,8.385208e+000
2.396307533490275e-003,8.382855e+000
2.396407533490275e-003,8.380239e+000
2.396507533490275e-003,8.377291e+000
2.396607533490275e-003,8.373918e+000
2.396707533490275e-003,8.369971e+000
2.396807533490275e-003,8.365220e+000
2.396907533490274e-003,8.359259e+000
2.397007533490274e-003,8.351270e+000
2.397107533490274e-003,8.339199e+000
2.397207533490274e-003,8.317257e+000
2.397292833746856e-003,8.279840e+000
2.397350035953074e-003,8.230518e+000
2.397419883179443e-003,8.133902e+000
2.397478455994726e-003,8.019693e+000
2.397536012517018e-003,7.864575e+000
2.397600755286493e-003,7.623557e+000
2.397672139470358e-003,7.238663e+000
2.397772139470358e-003,6.470430e+000
2.397858724160848e-003,5.593764e+000
2.397920987146683e-003,4.844103e+000
2.397992724367979e-003,3.920999e+000
2.398058494329161e-003,3.065273e+000
2.398126734950309e-003,2.176100e+000
2.398199670007773e-003,1.224820e+000
2.398247261979371e-003,6.035324e-001
2.398275583776095e-003,2.335612e-001
2.398297681711729e-003,-5.523761e-002
2.398324683142388e-003,-4.082429e-001
2.398338134899643e-003,-5.841634e-001
2.398350967319423e-003,-7.520366e-001
2.398366026664191e-003,-9.490971e-001
2.398384323014678e-003,-1.188587e+000
2.398403378184645e-003,-1.438083e+000
2.398418153682165e-003,-1.631598e+000
2.398434301727831e-003,-1.843146e+000
2.398451538684970e-003,-2.069026e+000
2.398475564985016e-003,-2.383991e+000
2.398508820009157e-003,-2.820125e+000
2.398541044046488e-003,-3.242956e+000
2.398577693336331e-003,-3.724139e+000
2.398619577154832e-003,-4.274416e+000
2.398671815143358e-003,-4.961360e+000
2.398764284520673e-003,-6.178791e+000
2.398864284520673e-003,-7.496941e+000
2.398911077276429e-003,-8.070457e+000
2.398939558311756e-003,-8.304255e+000
2.398962652966982e-003,-8.374355e+000
2.398978222202008e-003,-8.386383e+000
2.398988825110816e-003,-8.391669e+000
2.399002220910246e-003,-8.396750e+000
2.399029012509106e-003,-8.404926e+000
2.399041998376517e-003,-8.408212e+000
2.399056278939563e-003,-8.411238e+000
2.399073394936868e-003,-8.414429e+000
2.399091910366480e-003,-8.417467e+000
2.399112068502503e-003,-8.420379e+000
2.399134896124703e-003,-8.423276e+000
2.399163301336489e-003,-8.426405e+000
2.399204846755512e-003,-8.430342e+000
2.399246271843311e-003,-8.433671e+000
2.399304689823269e-003,-8.437628e+000
2.399359046859288e-003,-8.440689e+000
2.399459046859288e-003,-8.445288e+000
2.399559046859288e-003,-8.449072e+000
2.399759046859288e-003,-8.454762e+000
2.400059046859287e-003,-8.460538e+000
2.400316189716430e-003,-8.463602e+000
2.400573332573572e-003,-8.466247e+000
2.400830475430714e-003,-8.468475e+000
2.401087618287857e-003,-8.470286e+000
2.401344761145000e-003,-8.471678e+000
2.401601904002142e-003,-8.472653e+000
2.401859046859284e-003,-8.473209e+000
2.403259046859282e-003,-8.474780e+000
2.404659046859280e-003,-8.476018e+000
2.406059046859278e-003,-8.476922e+000
2.407459046859275e-003,-8.477493e+000
2.408859046859273e-003,-8.477730e+000
2.410259046859271e-003,-8.477634e+000
2.411659046859269e-003,-8.477204e+000
2.443259046859218e-003,-8.477186e+000
2.545659046859054e-003,-8.477108e+000
2.648059046858890e-003,-8.477030e+000
2.750459046858726e-003,-8.476952e+000
2.852859046858562e-003,-8.476872e+000
2.955259046858611e-003,-8.476793e+000
2.969873332572936e-003,-8.477377e+000
2.984487618287262e-003,-8.477189e+000
2.999101904001588e-003,-8.476229e+000
3.013716189715914e-003,-8.474496e+000
3.028330475430239e-003,-8.471992e+000
3.042944761144565e-003,-8.468715e+000
3.057559046858891e-003,-8.464665e+000
3.057659046858891e-003,-8.464630e+000
3.064573332573195e-003,-8.462819e+000
3.071487618287500e-003,-8.459945e+000
3.078401904001805e-003,-8.456009e+000
3.085316189716109e-003,-8.451011e+000
3.092230475430414e-003,-8.444950e+000
3.099144761144719e-003,-8.437826e+000
3.106059046859023e-003,-8.429640e+000
3.107316189716170e-003,-8.427680e+000
3.108573332573316e-003,-8.425262e+000
3.109830475430462e-003,-8.422385e+000
3.111087618287608e-003,-8.419051e+000
3.112344761144755e-003,-8.415258e+000
3.113601904001901e-003,-8.411008e+000
3.114859046859047e-003,-8.406299e+000
3.115230475430477e-003,-8.404662e+000
3.115601904001906e-003,-8.402781e+000
3.115973332573336e-003,-8.400656e+000
3.116344761144766e-003,-8.398287e+000
3.116716189716195e-003,-8.395674e+000
3.117087618287625e-003,-8.392818e+000
3.117459046859054e-003,-8.389717e+000
3.117587618287626e-003,-8.388505e+000
3.117716189716198e-003,-8.387188e+000
3.117844761144770e-003,-8.385766e+000
3.117973332573341e-003,-8.384239e+000
3.118101904001913e-003,-8.382607e+000
3.118230475430485e-003,-8.380870e+000
3.118359046859057e-003,-8.379028e+000
3.118459046859057e-003,-8.377444e+000
3.118559046859057e-003,-8.375736e+000
3.118659046859058e-003,-8.373882e+000
3.118759046859058e-003,-8.371858e+000
3.118859046859058e-003,-8.369625e+000
3.118959046859058e-003,-8.367139e+000
3.119059046859059e-003,-8.364333e+000
3.119159046859059e-003,-8.361115e+000
3.119259046859059e-003,-8.357346e+000
3.119359046859060e-003,-8.352798e+000
3.119459046859060e-003,-8.347081e+000
3.119559046859060e-003,-8.339444e+000
3.119659046859060e-003,-8.328118e+000
3.119759046859061e-003,-8.307902e+000
3.119859046859061e-003,-8.267985e+000
3.119938217272718e-003,-8.207082e+000
3.120023660262626e-003,-8.093208e+000
3.120121190067677e-003,-7.888179e+000
3.120203744022533e-003,-7.617311e+000
3.120291346257860e-003,-7.169669e+000
3.120391346257860e-003,-6.409785e+000
3.120491346257861e-003,-5.391227e+000
3.120559188267645e-003,-4.572298e+000
3.120633503988580e-003,-3.617007e+000
3.120700335914441e-003,-2.752267e+000
3.120770946913969e-003,-1.838882e+000
3.120844666817578e-003,-8.852354e-001
3.120890284288217e-003,-2.951375e-001
3.120928463102451e-003,1.987272e-001
3.120970115431354e-003,7.375255e-001
3.120984359733296e-003,9.217935e-001
3.120999124060266e-003,1.112797e+000
3.121014665947601e-003,1.313859e+000
3.121034470316551e-003,1.570061e+000
3.121052574361835e-003,1.804261e+000
3.121077751983819e-003,2.129960e+000
3.121108857742857e-003,2.532338e+000
3.121147419863147e-003,3.031162e+000
3.121188899003396e-003,3.567716e+000
3.121234896758661e-003,4.162718e+000
3.121290291406225e-003,4.879269e+000
3.121390291406226e-003,6.172798e+000
3.121490291406226e-003,7.466296e+000
3.121543059579502e-003,8.089732e+000
3.121573504450466e-003,8.314727e+000
3.121600087633283e-003,8.379662e+000
3.121616130960585e-003,8.389915e+000
3.121627803469091e-003,8.394865e+000
3.121642713653886e-003,8.399828e+000
3.121666254716298e-003,8.406306e+000
3.121678394217729e-003,8.409148e+000
3.121690144662462e-003,8.411528e+000
3.121704341106720e-003,8.414113e+000
3.121719896923812e-003,8.416666e+000
3.121736455229398e-003,8.419110e+000
3.121754587494636e-003,8.421517e+000
3.121775528417906e-003,8.424008e+000
3.121801573084099e-003,8.426745e+000
3.121839917781476e-003,8.430280e+000
3.121917062849881e-003,8.436015e+000
3.121963582859138e-003,8.438805e+000
3.122036262895831e-003,8.442463e+000
3.122136262895831e-003,8.446632e+000
3.122236262895831e-003,8.450062e+000
3.122436262895832e-003,8.455294e+000
3.122736262895833e-003,8.460701e+000
3.123007691467262e-003,8.463724e+000
3.123279120038691e-003,8.466328e+000
3.123550548610121e-003,8.468512e+000
3.123821977181550e-003,8.470277e+000
3.124093405752980e-003,8.471623e+000
3.124364834324409e-003,8.472550e+000
3.124636262895838e-003,8.473057e+000
3.126193405752985e-003,8.474502e+000
3.127750548610132e-003,8.475638e+000
3.129307691467279e-003,8.476463e+000
3.130864834324427e-003,8.476978e+000
3.132421977181574e-003,8.477182e+000
3.133979120038721e-003,8.477077e+000
3.135536262895868e-003,8.476661e+000
3.157436262895928e-003,8.476663e+000
3.259836262896208e-003,8.476663e+000
3.362236262896488e-003,8.476663e+000
3.375564834325096e-003,8.479492e+000
3.388893405753704e-003,8.480029e+000
3.402221977182312e-003,8.478274e+000
3.415550548610919e-003,8.474228e+000
3.428879120039527e-003,8.467890e+000
3.442207691468135e-003,8.459260e+000
3.455536262896743e-003,8.448338e+000
3.456821977182461e-003,8.446417e+000
3.458107691468179e-003,8.444099e+000
3.459393405753897e-003,8.441383e+000
3.460679120039614e-003,8.438269e+000
3.461964834325332e-003,8.434758e+000
3.463250548611050e-003,8.430849e+000
3.464536262896768e-003,8.426542e+000
3.464636262896768e-003,8.426146e+000
3.465121977182484e-003,8.424287e+000
3.465607691468199e-003,8.422092e+000
3.466093405753915e-003,8.419562e+000
3.466579120039630e-003,8.416696e+000
3.467064834325346e-003,8.413495e+000
3.467550548611061e-003,8.409958e+000
3.468036262896777e-003,8.406085e+000
3.468193405753921e-003,8.404643e+000
3.468350548611064e-003,8.403051e+000
3.468507691468207e-003,8.401308e+000
3.468664834325350e-003,8.399415e+000
3.468821977182494e-003,8.397371e+000
3.468979120039637e-003,8.395177e+000
3.469136262896780e-003,8.392833e+000
3.469236262896780e-003,8.391157e+000
3.469336262896781e-003,8.389354e+000
3.469436262896781e-003,8.387400e+000
3.469536262896781e-003,8.385267e+000
3.469636262896782e-003,8.382920e+000
3.469736262896782e-003,8.380312e+000
3.469836262896782e-003,8.377375e+000
3.469936262896782e-003,8.374014e+000
3.470036262896783e-003,8.370085e+000
3.470136262896783e-003,8.365360e+000
3.470236262896783e-003,8.359439e+000
3.470336262896783e-003,8.351521e+000
3.470436262896784e-003,8.339610e+000
3.470536262896784e-003,8.317954e+000
3.470623417520650e-003,8.280243e+000
3.470680603942748e-003,8.231299e+000
3.470750879839789e-003,8.134508e+000
3.470808858032249e-003,8.021936e+000
3.470866283002699e-003,7.867994e+000
3.470930592251168e-003,7.630268e+000
3.471001611494869e-003,7.250217e+000
3.471101611494869e-003,6.486352e+000
3.471189551015641e-003,5.599161e+000
3.471251945379911e-003,4.849114e+000
3.471324026843315e-003,3.921713e+000
3.471396872551968e-003,2.973878e+000
3.471462738813644e-003,2.115573e+000
3.471539343694343e-003,1.116335e+000
3.471582281198836e-003,5.557659e-001
3.471609612252230e-003,1.987138e-001
3.471631941545181e-003,-9.311966e-002
3.471657437076729e-003,-4.264477e-001
3.471670071109588e-003,-5.916786e-001
3.471683446044535e-003,-7.666525e-001
3.471698638745822e-003,-9.654619e-001
3.471716850488090e-003,-1.203847e+000
3.471733599293585e-003,-1.423144e+000
3.471747607015029e-003,-1.606601e+000
3.471763456723048e-003,-1.814234e+000
3.471780621079323e-003,-2.039154e+000
3.471804032640353e-003,-2.346045e+000
3.471835219698843e-003,-2.755036e+000
3.471868994392852e-003,-3.198187e+000
3.471905534922028e-003,-3.677912e+000
3.471947568819599e-003,-4.230124e+000
3.471997081124397e-003,-4.881155e+000
3.472082916441121e-003,-6.011081e+000
3.472182916441122e-003,-7.329052e+000
3.472240314468570e-003,-8.038359e+000
3.472271533090917e-003,-8.300880e+000
3.472295479420299e-003,-8.375493e+000
3.472311331836996e-003,-8.387317e+000
3.472321643414261e-003,-8.392307e+000
3.472334983315109e-003,-8.397253e+000
3.472361663116805e-003,-8.405233e+000
3.472376140551835e-003,-8.408825e+000
3.472390002461922e-003,-8.411710e+000
3.472406875727212e-003,-8.414798e+000
3.472425478056626e-003,-8.417803e+000
3.472445962131550e-003,-8.420717e+000
3.472469222708185e-003,-8.423624e+000
3.472498465695756e-003,-8.426786e+000
3.472542516039886e-003,-8.430877e+000
3.472583552269155e-003,-8.434110e+000
3.472642499822582e-003,-8.438019e+000
3.472698576337354e-003,-8.441114e+000
3.472798576337354e-003,-8.445629e+000
3.472898576337354e-003,-8.449347e+000
3.473098576337355e-003,-8.454954e+000
3.473398576337355e-003,-8.460665e+000
3.473655719194499e-003,-8.463701e+000
3.473912862051642e-003,-8.466323e+000
3.474170004908786e-003,-8.468532e+000
3.474427147765930e-003,-8.470327e+000
3.474684290623073e-003,-8.471709e+000
3.474941433480217e-003,-8.472678e+000
3.475198576337360e-003,-8.473232e+000
3.476598576337364e-003,-8.474794e+000
3.477998576337368e-003,-8.476025e+000
3.479398576337372e-003,-8.476924e+000
3.480798576337376e-003,-8.477491e+000
3.482198576337379e-003,-8.477727e+000
3.483598576337383e-003,-8.477632e+000
3.484998576337387e-003,-8.477204e+000
3.563998576337603e-003,-8.477150e+000
3.666398576337883e-003,-8.477072e+000
3.768798576338163e-003,-8.476994e+000
3.871198576338443e-003,-8.476914e+000
3.973598576338723e-003,-8.476836e+000
4.075998576339003e-003,-8.475907e+000
4.089898576339041e-003,-8.475436e+000
4.103798576339079e-003,-8.473327e+000
4.117698576339117e-003,-8.469580e+000
4.131598576339155e-003,-8.464195e+000
4.145498576339193e-003,-8.457173e+000
4.159398576339232e-003,-8.448512e+000
4.173298576339270e-003,-8.438213e+000
4.178398576339283e-003,-8.431261e+000
4.179755719196430e-003,-8.429289e+000
4.181112862053577e-003,-8.426847e+000
4.182470004910724e-003,-8.423936e+000
4.183827147767869e-003,-8.420553e+000
4.185184290625016e-003,-8.416701e+000
4.186541433482163e-003,-8.412379e+000
4.187898576339309e-003,-8.407586e+000
4.188298576339311e-003,-8.405923e+000
4.188698576339312e-003,-8.404004e+000
4.189098576339313e-003,-8.401829e+000
4.189498576339314e-003,-8.399397e+000
4.189898576339315e-003,-8.396710e+000
4.190298576339316e-003,-8.393765e+000
4.190698576339317e-003,-8.390565e+000
4.190841433482175e-003,-8.389273e+000
4.190984290625032e-003,-8.387857e+000
4.191127147767889e-003,-8.386315e+000
4.191270004910748e-003,-8.384649e+000
4.191412862053605e-003,-8.382859e+000
4.191555719196462e-003,-8.380943e+000
4.191698576339320e-003,-8.378903e+000
4.191798576339320e-003,-8.377310e+000
4.191898576339320e-003,-8.375590e+000
4.191998576339321e-003,-8.373724e+000
4.192098576339321e-003,-8.371683e+000
4.192198576339321e-003,-8.369431e+000
4.192298576339321e-003,-8.366922e+000
4.192398576339322e-003,-8.364086e+000
4.192498576339322e-003,-8.360829e+000
4.192598576339322e-003,-8.357006e+000
4.192698576339323e-003,-8.352381e+000
4.192798576339323e-003,-8.346542e+000
4.192898576339323e-003,-8.338692e+000
4.192998576339323e-003,-8.326912e+000
4.193098576339324e-003,-8.305492e+000
4.193198576339324e-003,-8.262731e+000
4.193279182174437e-003,-8.196914e+000
4.193364238396636e-003,-8.077013e+000
4.193464238396637e-003,-7.854191e+000
4.193547929840479e-003,-7.562263e+000
4.193636218559928e-003,-7.083106e+000
4.193736218559928e-003,-6.295660e+000
4.193818239736062e-003,-5.446468e+000
4.193881410674711e-003,-4.679971e+000
4.193952289229274e-003,-3.770326e+000
4.194017813615430e-003,-2.922720e+000
4.194087251874049e-003,-2.024453e+000
4.194160005183112e-003,-1.083316e+000
4.194212838076908e-003,-3.998778e-001
4.194258779825259e-003,1.944066e-001
4.194302293286787e-003,7.572817e-001
4.194317582710347e-003,9.550701e-001
4.194333400853994e-003,1.159707e+000
4.194349732540589e-003,1.370986e+000
4.194368856631267e-003,1.618386e+000
4.194388035438302e-003,1.866489e+000
4.194414041192891e-003,2.202899e+000
4.194449638243115e-003,2.663373e+000
4.194485419647699e-003,3.126226e+000
4.194526722438208e-003,3.660498e+000
4.194572821377874e-003,4.256809e+000
4.194633578601361e-003,5.042726e+000
4.194733578601361e-003,6.336253e+000
4.194833578601362e-003,7.629570e+000
4.194878231034561e-003,8.144008e+000
4.194905657612215e-003,8.326405e+000
4.194933675593413e-003,8.381846e+000
4.194947425892059e-003,8.390275e+000
4.194959658597433e-003,8.395314e+000
4.194974377099164e-003,8.400171e+000
4.194996266482606e-003,8.406164e+000
4.195008874684720e-003,8.409109e+000
4.195021077197235e-003,8.411582e+000
4.195035500209557e-003,8.414203e+000
4.195050936967555e-003,8.416729e+000
4.195067593098099e-003,8.419181e+000
4.195085740233244e-003,8.421582e+000
4.195106973171757e-003,8.424098e+000
4.195133344300286e-003,8.426854e+000
4.195173268905277e-003,8.430510e+000
4.195250167751754e-003,8.436175e+000
4.195296825488398e-003,8.438947e+000
4.195373427053809e-003,8.442759e+000
4.195473427053809e-003,8.446878e+000
4.195573427053809e-003,8.450263e+000
4.195773427053810e-003,8.455438e+000
4.196073427053811e-003,8.460796e+000
4.196344855625240e-003,8.463798e+000
4.196616284196669e-003,8.466384e+000
4.196887712768099e-003,8.468553e+000
4.197159141339528e-003,8.470307e+000
4.197430569910957e-003,8.471645e+000
4.197701998482386e-003,8.472568e+000
4.197973427053816e-003,8.473074e+000
4.199544855625249e-003,8.474515e+000
4.201116284196681e-003,8.475647e+000
4.202687712768115e-003,8.476469e+000
4.204259141339547e-003,8.476981e+000
4.205830569910980e-003,8.477184e+000
4.207401998482413e-003,8.477077e+000
4.208973427053846e-003,8.476661e+000
4.278173427054035e-003,8.476663e+000
4.380573427054315e-003,8.476663e+000
4.482973427054595e-003,8.476364e+000
4.490201998483186e-003,8.476234e+000
4.497430569911778e-003,8.474386e+000
4.504659141340369e-003,8.470819e+000
4.511887712768960e-003,8.465534e+000
4.519116284197551e-003,8.458531e+000
4.526344855626143e-003,8.449809e+000
4.533573427054734e-003,8.439369e+000
4.534544855626165e-003,8.437331e+000
4.535516284197596e-003,8.434757e+000
4.536487712769028e-003,8.431646e+000
4.537459141340458e-003,8.427999e+000
4.538430569911890e-003,8.423816e+000
4.539401998483321e-003,8.419097e+000
4.540373427054752e-003,8.413841e+000
4.540616284197610e-003,8.412247e+000
4.540859141340468e-003,8.410451e+000
4.541101998483325e-003,8.408455e+000
4.541344855626184e-003,8.406257e+000
4.541587712769041e-003,8.403859e+000
4.541830569911899e-003,8.401260e+000
4.542073427054757e-003,8.398460e+000
4.542273427054757e-003,8.395766e+000
4.542473427054758e-003,8.392724e+000
4.542573427054758e-003,8.391041e+000
4.542673427054758e-003,8.389227e+000
4.542773427054759e-003,8.387262e+000
4.542873427054759e-003,8.385117e+000
4.542973427054759e-003,8.382753e+000
4.543073427054760e-003,8.380125e+000
4.543173427054760e-003,8.377163e+000
4.543273427054760e-003,8.373769e+000
4.543373427054760e-003,8.369796e+000
4.543473427054761e-003,8.365005e+000
4.543573427054761e-003,8.358981e+000
4.543673427054761e-003,8.350880e+000
4.543773427054761e-003,8.338554e+000
4.543873427054762e-003,8.316147e+000
4.543955989594848e-003,8.279118e+000
4.544013264898570e-003,8.229111e+000
4.544082459087816e-003,8.132627e+000
4.544142155257828e-003,8.015278e+000
4.544199947915829e-003,7.857908e+000
4.544265490013796e-003,7.610609e+000
4.544337538807540e-003,7.216540e+000
4.544437538807540e-003,6.439917e+000
4.544521653629917e-003,5.582377e+000
4.544583715775046e-003,4.832828e+000
4.544654824004527e-003,3.917446e+000
4.544720439294503e-003,3.063702e+000
4.544788721599307e-003,2.173990e+000
4.544861593147137e-003,1.223536e+000
4.544909113199588e-003,6.031862e-001
4.544937422631387e-003,2.333764e-001
4.544959517116452e-003,-5.537738e-002
4.544986505070923e-003,-4.082065e-001
4.544999953510650e-003,-5.840836e-001
4.545012789296756e-003,-7.520009e-001
4.545027849536123e-003,-9.490731e-001
4.545046146331848e-003,-1.188569e+000
4.545065197866247e-003,-1.438017e+000
4.545079970790592e-003,-1.631498e+000
4.545096119221793e-003,-1.843052e+000
4.545113354500243e-003,-2.068909e+000
4.545137379218098e-003,-2.383853e+000
4.545170625880722e-003,-2.819878e+000
4.545202854841860e-003,-3.242774e+000
4.545239504052175e-003,-3.723955e+000
4.545281388132519e-003,-4.274236e+000
4.545333616188659e-003,-4.961049e+000
4.545426056437934e-003,-6.178095e+000
4.545526056437934e-003,-7.496244e+000
4.545572881374819e-003,-8.070200e+000
4.545601377982840e-003,-8.304211e+000
4.545624468513039e-003,-8.374346e+000
4.545640048155346e-003,-8.386384e+000
4.545650648164330e-003,-8.391668e+000
4.545664044066642e-003,-8.396749e+000
4.545690835871269e-003,-8.404925e+000
4.545703807593596e-003,-8.408208e+000
4.545718095281593e-003,-8.411236e+000
4.545735216475838e-003,-8.414428e+000
4.545753731289326e-003,-8.417466e+000
4.545773888489649e-003,-8.420378e+000
4.545796713956135e-003,-8.423275e+000
4.545825117578566e-003,-8.426404e+000
4.545866655150201e-003,-8.430341e+000
4.545908082485227e-003,-8.433670e+000
4.545966499127196e-003,-8.437627e+000
4.546020852434522e-003,-8.440687e+000
4.546120852434522e-003,-8.445288e+000
4.546220852434522e-003,-8.449072e+000
4.546420852434523e-003,-8.454761e+000
4.546720852434524e-003,-8.460538e+000
4.546977995291667e-003,-8.463602e+000
4.547235138148811e-003,-8.466247e+000
4.547492281005955e-003,-8.468475e+000
4.547749423863098e-003,-8.470286e+000
4.548006566720241e-003,-8.471678e+000
4.548263709577385e-003,-8.472653e+000
4.548520852434529e-003,-8.473209e+000
4.549920852434533e-003,-8.474780e+000
4.551320852434536e-003,-8.476018e+000
4.552720852434540e-003,-8.476922e+000
4.554120852434544e-003,-8.477493e+000
4.555520852434548e-003,-8.477730e+000
4.556920852434552e-003,-8.477634e+000
4.558320852434556e-003,-8.477204e+000
4.582320852434621e-003,-8.477192e+000
4.684720852434901e-003,-8.477114e+000
4.787120852435181e-003,-8.477036e+000
4.889520852435461e-003,-8.476957e+000
4.991920852435741e-003,-8.476878e+000
5.094320852436021e-003,-8.476799e+000
5.108935138150347e-003,-8.477424e+000
5.123549423864672e-003,-8.477380e+000
5.138163709578998e-003,-8.476667e+000
5.152777995293324e-003,-8.475284e+000
5.167392281007650e-003,-8.473232e+000
5.182006566721975e-003,-8.470511e+000
5.196620852436301e-003,-8.467121e+000
5.196720852436301e-003,-8.467091e+000
5.204577995293466e-003,-8.465391e+000
5.212435138150630e-003,-8.462552e+000
5.220292281007795e-003,-8.458575e+000
5.228149423864958e-003,-8.453458e+000
5.236006566722123e-003,-8.447202e+000
5.243863709579287e-003,-8.439808e+000
5.251720852436452e-003,-8.431274e+000
5.253092281007885e-003,-8.429293e+000
5.254463709579316e-003,-8.426825e+000
5.255835138150749e-003,-8.423870e+000
5.257206566722181e-003,-8.420430e+000
5.258577995293614e-003,-8.416502e+000
5.259949423865045e-003,-8.412089e+000
5.261320852436478e-003,-8.407189e+000
5.261706566722193e-003,-8.405553e+000
5.262092281007909e-003,-8.403674e+000
5.262477995293624e-003,-8.401552e+000
5.262863709579339e-003,-8.399188e+000
5.263249423865054e-003,-8.396581e+000
5.263635138150770e-003,-8.393732e+000
5.264020852436485e-003,-8.390640e+000
5.264163709579343e-003,-8.389353e+000
5.264306566722200e-003,-8.387941e+000
5.264449423865058e-003,-8.386406e+000
5.264592281007916e-003,-8.384748e+000
5.264735138150773e-003,-8.382966e+000
5.264877995293631e-003,-8.381060e+000
5.265020852436488e-003,-8.379030e+000
5.265120852436489e-003,-8.377446e+000
5.265220852436489e-003,-8.375738e+000
5.265320852436489e-003,-8.373884e+000
5.265420852436489e-003,-8.371860e+000
5.265520852436490e-003,-8.369628e+000
5.265620852436490e-003,-8.367142e+000
5.265720852436490e-003,-8.364336e+000
5.265820852436490e-003,-8.361118e+000
5.265920852436491e-003,-8.357349e+000
5.266020852436491e-003,-8.352802e+000
5.266120852436491e-003,-8.347087e+000
5.266220852436492e-003,-8.339453e+000
5.266320852436492e-003,-8.328131e+000
5.266420852436492e-003,-8.307927e+000
5.266520852436492e-003,-8.268041e+000
5.266600008475952e-003,-8.207188e+000
5.266685457697581e-003,-8.093381e+000
5.266782937588749e-003,-7.888601e+000
5.266865474946999e-003,-7.617996e+000
5.266953069278608e-003,-7.170745e+000
5.267053069278608e-003,-6.411357e+000
5.267153069278608e-003,-5.393279e+000
5.267220843746100e-003,-4.575358e+000
5.267295157991895e-003,-3.620140e+000
5.267361966900455e-003,-2.755703e+000
5.267432528593281e-003,-1.842954e+000
5.267506196955527e-003,-8.899749e-001
5.267551934599054e-003,-2.983223e-001
5.267590241375204e-003,1.971977e-001
5.267631969116158e-003,7.369714e-001
5.267646228664032e-003,9.214365e-001
5.267660976752029e-003,1.112230e+000
5.267676511832530e-003,1.313204e+000
5.267696336348153e-003,1.569667e+000
5.267714427209086e-003,1.803697e+000
5.267739604615926e-003,2.129393e+000
5.267770668988455e-003,2.531235e+000
5.267809272844209e-003,3.030599e+000
5.267850761753912e-003,3.567279e+000
5.267896765023846e-003,4.162353e+000
5.267952123293725e-003,4.878433e+000
5.268052123293726e-003,6.171962e+000
5.268152123293726e-003,7.465459e+000
5.268204944480038e-003,8.089577e+000
5.268235397889089e-003,8.314698e+000
5.268261979798934e-003,8.379658e+000
5.268278028674397e-003,8.389915e+000
5.268289699650201e-003,8.394865e+000
5.268304610320758e-003,8.399828e+000
5.268328145228907e-003,8.406304e+000
5.268340280698756e-003,8.409145e+000
5.268352029490119e-003,8.411525e+000
5.268366224949572e-003,8.414110e+000
5.268381781015458e-003,8.416664e+000
5.268398337875953e-003,8.419108e+000
5.268416468839183e-003,8.421515e+000
5.268437406129114e-003,8.424006e+000
5.268463445208248e-003,8.426743e+000
5.268501769638881e-003,8.430276e+000
5.268578915828827e-003,8.436012e+000
5.268625432667496e-003,8.438802e+000
5.268698059250908e-003,8.442458e+000
5.268798059250908e-003,8.446629e+000
5.268898059250908e-003,8.450059e+000
5.269098059250909e-003,8.455292e+000
5.269398059250910e-003,8.460699e+000
5.269669487822339e-003,8.463722e+000
5.269940916393768e-003,8.466326e+000
5.270212344965198e-003,8.468511e+000
5.270483773536627e-003,8.470276e+000
5.270755202108056e-003,8.471623e+000
5.271026630679485e-003,8.472549e+000
5.271298059250915e-003,8.473057e+000
5.272855202108062e-003,8.474502e+000
5.274412344965209e-003,8.475638e+000
5.275969487822356e-003,8.476463e+000
5.277526630679503e-003,8.476978e+000
5.279083773536650e-003,8.477182e+000
5.280640916393797e-003,8.477077e+000
5.282198059250945e-003,8.476661e+000
5.296498059250984e-003,8.476663e+000
5.398898059251264e-003,8.476663e+000
5.501298059251544e-003,8.476663e+000
5.515569487823012e-003,8.479560e+000
5.529840916394479e-003,8.480215e+000
5.544112344965947e-003,8.478629e+000
5.558383773537414e-003,8.474801e+000
5.572655202108882e-003,8.468732e+000
5.586926630680349e-003,8.460421e+000
5.601198059251817e-003,8.449869e+000
5.603698059251824e-003,8.445833e+000
5.605026630680399e-003,8.443769e+000
5.606355202108974e-003,8.441074e+000
5.607683773537549e-003,8.437749e+000
5.609012344966124e-003,8.433794e+000
5.610340916394699e-003,8.429208e+000
5.611669487823275e-003,8.423993e+000
5.612998059251849e-003,8.418147e+000
5.613312344966136e-003,8.416439e+000
5.613626630680422e-003,8.414482e+000
5.613940916394709e-003,8.412275e+000
5.614255202108996e-003,8.409819e+000
5.614569487823282e-003,8.407114e+000
5.614883773537568e-003,8.404160e+000
5.615198059251855e-003,8.400956e+000
5.615498059251856e-003,8.397243e+000
5.615698059251857e-003,8.394398e+000
5.615798059251857e-003,8.392835e+000
5.615898059251857e-003,8.391159e+000
5.615998059251857e-003,8.389356e+000
5.616098059251858e-003,8.387402e+000
5.616198059251858e-003,8.385269e+000
5.616298059251858e-003,8.382923e+000
5.616398059251859e-003,8.380314e+000
5.616498059251859e-003,8.377378e+000
5.616598059251859e-003,8.374018e+000
5.616698059251859e-003,8.370090e+000
5.616798059251860e-003,8.365365e+000
5.616898059251860e-003,8.359446e+000
5.616998059251860e-003,8.351530e+000
5.617098059251860e-003,8.339625e+000
5.617198059251861e-003,8.317981e+000
5.617285286397052e-003,8.280257e+000
5.617342472670074e-003,8.231327e+000
5.617412765081950e-003,8.134528e+000
5.617470722211076e-003,8.022014e+000
5.617528142355439e-003,7.868113e+000
5.617592436095165e-003,7.630503e+000
5.617663442205162e-003,7.250624e+000
5.617763442205163e-003,6.486911e+000
5.617851430220033e-003,5.599343e+000
5.617913829537476e-003,4.849279e+000
5.617985923264930e-003,3.921727e+000
5.618058760848403e-003,2.973998e+000
5.618124630290505e-003,2.115652e+000
5.618201230054473e-003,1.116480e+000
5.618244172415665e-003,5.558475e-001
5.618271504691077e-003,1.987794e-001
5.618293832866422e-003,-9.303939e-002
5.618319330532422e-003,-4.263954e-001
5.618331966099497e-003,-5.916463e-001
5.618345340039099e-003,-7.666072e-001
5.618360532472978e-003,-9.654130e-001
5.618378744524252e-003,-1.203802e+000
5.618395497591990e-003,-1.423155e+000
5.618409506352566e-003,-1.606625e+000
5.618425356682885e-003,-1.814267e+000
5.618442520799659e-003,-2.039184e+000
5.618465933405598e-003,-2.346088e+000
5.618497121578682e-003,-2.755094e+000
5.618530894844498e-003,-3.198226e+000
5.618567435369318e-003,-3.677951e+000
5.618609468864783e-003,-4.230158e+000
5.618658983137528e-003,-4.881215e+000
5.618744823220765e-003,-6.011204e+000
5.618844823220765e-003,-7.329175e+000
5.618902210601431e-003,-8.038355e+000
5.618933427520063e-003,-8.300875e+000
5.618957370953124e-003,-8.375487e+000
5.618973225680534e-003,-8.387315e+000
5.618983537055769e-003,-8.392306e+000
5.618996877117194e-003,-8.397252e+000
5.619023557240046e-003,-8.405232e+000
5.619038028188850e-003,-8.408822e+000
5.619051886594700e-003,-8.411707e+000
5.619068757980993e-003,-8.414795e+000
5.619087360386688e-003,-8.417800e+000
5.619107842219960e-003,-8.420715e+000
5.619131100228929e-003,-8.423622e+000
5.619160335812608e-003,-8.426784e+000
5.619204365642204e-003,-8.430873e+000
5.619245404000236e-003,-8.434107e+000
5.619304346436671e-003,-8.438016e+000
5.619360409221214e-003,-8.441112e+000
5.619460409221214e-003,-8.445625e+000
5.619560409221214e-003,-8.449345e+000
5.619760409221215e-003,-8.454952e+000
5.620060409221216e-003,-8.460663e+000
5.620317552078359e-003,-8.463700e+000
5.620574694935503e-003,-8.466323e+000
5.620831837792647e-003,-8.468532e+000
5.621088980649790e-003,-8.470328e+000
5.621346123506933e-003,-8.471710e+000
5.621603266364077e-003,-8.472678e+000
5.621860409221221e-003,-8.473232e+000
5.623260409221224e-003,-8.474794e+000
5.624660409221228e-003,-8.476025e+000
5.626060409221232e-003,-8.476924e+000
5.627460409221236e-003,-8.477491e+000
5.628860409221240e-003,-8.477727e+000
5.630260409221244e-003,-8.477632e+000
5.631660409221247e-003,-8.477204e+000
5.703060409221443e-003,-8.477156e+000
5.805460409221723e-003,-8.477077e+000
5.907860409222003e-003,-8.476999e+000
6.010260409222283e-003,-8.476920e+000
6.112660409222563e-003,-8.476842e+000
6.215060409222843e-003,-8.476445e+000
6.229674694937169e-003,-8.476184e+000
6.244288980651494e-003,-8.474326e+000
6.258903266365820e-003,-8.470874e+000
6.273517552080146e-003,-8.465825e+000
6.288131837794472e-003,-8.459181e+000
6.302746123508797e-003,-8.450942e+000
6.317360409223123e-003,-8.441107e+000
6.317460409223123e-003,-8.441002e+000
6.319660409223129e-003,-8.438954e+000
6.321860409223135e-003,-8.436299e+000
6.324060409223141e-003,-8.433039e+000
6.326260409223147e-003,-8.429172e+000
6.328460409223153e-003,-8.424698e+000
6.330660409223159e-003,-8.419618e+000
6.332860409223165e-003,-8.413932e+000
6.333417552080310e-003,-8.412183e+000
6.333974694937454e-003,-8.410137e+000
6.334531837794599e-003,-8.407792e+000
6.335088980651742e-003,-8.405150e+000
6.335646123508887e-003,-8.402210e+000
6.336203266366031e-003,-8.398971e+000
6.336760409223176e-003,-8.395435e+000
6.336946123508890e-003,-8.394088e+000
6.337131837794606e-003,-8.392601e+000
6.337317552080320e-003,-8.390976e+000
6.337503266366035e-003,-8.389213e+000
6.337688980651749e-003,-8.387311e+000
6.337874694937465e-003,-8.385270e+000
6.338060409223179e-003,-8.383090e+000
6.338260409223180e-003,-8.380390e+000
6.338360409223180e-003,-8.378904e+000
6.338460409223180e-003,-8.377310e+000
6.338560409223181e-003,-8.375591e+000
6.338660409223181e-003,-8.373725e+000
6.338760409223181e-003,-8.371685e+000
6.338860409223181e-003,-8.369433e+000
6.338960409223182e-003,-8.366924e+000
6.339060409223182e-003,-8.364088e+000
6.339160409223182e-003,-8.360831e+000
6.339260409223183e-003,-8.357008e+000
6.339360409223183e-003,-8.352384e+000
6.339460409223183e-003,-8.346546e+000
6.339560409223183e-003,-8.338697e+000
6.339660409223184e-003,-8.326921e+000
6.339760409223184e-003,-8.305511e+000
6.339860409223184e-003,-8.262771e+000
6.339941003385100e-003,-8.196994e+000
6.340026061162485e-003,-8.077138e+000
6.340126061162485e-003,-7.854400e+000
6.340209748438776e-003,-7.562594e+000
6.340298036022251e-003,-7.083610e+000
6.340398036022251e-003,-6.296357e+000
6.340480109742421e-003,-5.446746e+000
6.340543281797089e-003,-4.680286e+000
6.340614171786536e-003,-3.770502e+000
6.340679698279157e-003,-2.922870e+000
6.340749131908198e-003,-2.024663e+000
6.340821881874625e-003,-1.083569e+000
6.340874725455514e-003,-3.999924e-001
6.340920660635402e-003,1.942071e-001
6.340964185748393e-003,7.572328e-001
6.340979475851156e-003,9.550300e-001
6.340995291354069e-003,1.159632e+000
6.341011621444701e-003,1.370891e+000
6.341030746448102e-003,1.618303e+000
6.341049923295102e-003,1.866380e+000
6.341075927373832e-003,2.202769e+000
6.341111515795397e-003,2.663131e+000
6.341147302093388e-003,3.126048e+000
6.341188604265118e-003,3.660312e+000
6.341234703040672e-003,4.256620e+000
6.341295447209649e-003,5.042369e+000
6.341395447209649e-003,6.335896e+000
6.341495447209650e-003,7.629213e+000
6.341540113631990e-003,8.143856e+000
6.341567546895403e-003,8.326365e+000
6.341595556497187e-003,8.381836e+000
6.341609314562289e-003,8.390271e+000
6.341621545690112e-003,8.395310e+000
6.341636264776788e-003,8.400168e+000
6.341658182087690e-003,8.406169e+000
6.341670796316501e-003,8.409115e+000
6.341682998994627e-003,8.411587e+000
6.341697422500997e-003,8.414207e+000
6.341712859752922e-003,8.416733e+000
6.341729518623268e-003,8.419185e+000
6.341747668897093e-003,8.421587e+000
6.341768908367650e-003,8.424103e+000
6.341795290770267e-003,8.426859e+000
6.341835255735235e-003,8.430516e+000
6.341912286169119e-003,8.436190e+000
6.341958960503163e-003,8.438960e+000
6.342035745542885e-003,8.442779e+000
6.342135745542886e-003,8.446895e+000
6.342235745542886e-003,8.450276e+000
6.342435745542887e-003,8.455447e+000
6.342735745542887e-003,8.460802e+000
6.343007174114317e-003,8.463803e+000
6.343278602685746e-003,8.466388e+000
6.343550031257176e-003,8.468557e+000
6.343821459828604e-003,8.470310e+000
6.344092888400034e-003,8.471647e+000
6.344364316971463e-003,8.472569e+000
6.344635745542893e-003,8.473075e+000
6.346207174114326e-003,8.474516e+000
6.347778602685758e-003,8.475647e+000
6.349350031257191e-003,8.476469e+000
6.350921459828624e-003,8.476981e+000
6.352492888400057e-003,8.477184e+000
6.354064316971489e-003,8.477077e+000
6.355635745542923e-003,8.476661e+000
6.417235745543091e-003,8.476663e+000
6.519635745543371e-003,8.476663e+000
6.622035745543651e-003,8.476663e+000
6.630264316972245e-003,8.477377e+000
6.638492888400839e-003,8.476142e+000
6.646721459829433e-003,8.472957e+000
6.654950031258027e-003,8.467822e+000
6.663178602686621e-003,8.460738e+000
6.671407174115215e-003,8.451703e+000
6.679635745543809e-003,8.440719e+000
6.680664316972383e-003,8.438680e+000
6.681692888400957e-003,8.436102e+000
6.682721459829531e-003,8.432987e+000
6.683750031258106e-003,8.429332e+000
6.684778602686680e-003,8.425139e+000
6.685807174115255e-003,8.420408e+000
6.686835745543828e-003,8.415138e+000
6.687107174115258e-003,8.413461e+000
6.687378602686687e-003,8.411549e+000
6.687650031258117e-003,8.409401e+000
6.687921459829545e-003,8.407017e+000
6.688192888400975e-003,8.404399e+000
6.688464316972404e-003,8.401544e+000
6.688735745543834e-003,8.398455e+000
6.688935745543834e-003,8.395760e+000
6.689135745543835e-003,8.392717e+000
6.689235745543835e-003,8.391033e+000
6.689335745543835e-003,8.389219e+000
6.689435745543836e-003,8.387253e+000
6.689535745543836e-003,8.385107e+000
6.689635745543836e-003,8.382744e+000
6.689735745543836e-003,8.380114e+000
6.689835745543837e-003,8.377150e+000
6.689935745543837e-003,8.373755e+000
6.690035745543837e-003,8.369778e+000
6.690135745543837e-003,8.364983e+000
6.690235745543838e-003,8.358953e+000
6.690335745543838e-003,8.350840e+000
6.690435745543838e-003,8.338487e+000
6.690535745543839e-003,8.316030e+000
6.690618032934720e-003,8.279037e+000
6.690675319490191e-003,8.228951e+000
6.690744446929190e-003,8.132469e+000
6.690804276337066e-003,8.014745e+000
6.690862096689150e-003,7.857105e+000
6.690927732137600e-003,7.609057e+000
6.690999858034178e-003,7.213899e+000
6.691099858034178e-003,6.436272e+000
6.691183688337586e-003,5.580930e+000
6.691245730929179e-003,4.831340e+000
6.691316766801953e-003,3.916843e+000
6.691382365161292e-003,3.063315e+000
6.691450654845966e-003,2.173507e+000
6.691523518892316e-003,1.223150e+000
6.691571017336911e-003,6.030825e-001
6.691599322713715e-003,2.333256e-001
6.691621416068296e-003,-5.541341e-002
6.691648400024780e-003,-4.081902e-001
6.691661847564622e-003,-5.840556e-001
6.691674684297146e-003,-7.519853e-001
6.691689744801182e-003,-9.490609e-001
6.691708041758074e-003,-1.188559e+000
6.691727091909138e-003,-1.437989e+000
6.691741863780663e-003,-1.631456e+000
6.691758012360452e-003,-1.843012e+000
6.691775246882897e-003,-2.068859e+000
6.691799270883627e-003,-2.383794e+000
6.691832513895557e-003,-2.819771e+000
6.691864744997665e-003,-3.242694e+000
6.691901394152309e-003,-3.723875e+000
6.691943278335621e-003,-4.274157e+000
6.691995502012162e-003,-4.960912e+000
6.692087929420534e-003,-6.177789e+000
6.692187929420534e-003,-7.495938e+000
6.692234768525530e-003,-8.070087e+000
6.692263271989573e-003,-8.304192e+000
6.692286360736657e-003,-8.374342e+000
6.692301944933032e-003,-8.386384e+000
6.692312543671366e-003,-8.391667e+000
6.692325939618761e-003,-8.396749e+000
6.692352731513552e-003,-8.404926e+000
6.692365697097272e-003,-8.408207e+000
6.692379987881456e-003,-8.411236e+000
6.692397111337576e-003,-8.414428e+000
6.692415625884093e-003,-8.417466e+000
6.692435782684341e-003,-8.420378e+000
6.692458607220222e-003,-8.423274e+000
6.692487010169407e-003,-8.426403e+000
6.692528544375422e-003,-8.430340e+000
6.692569972678410e-003,-8.433670e+000
6.692628388747737e-003,-8.437626e+000
6.692682740463914e-003,-8.440687e+000
6.692782740463915e-003,-8.445287e+000
6.692882740463915e-003,-8.449072e+000
6.693082740463915e-003,-8.454761e+000
6.693382740463916e-003,-8.460538e+000
6.693639883321060e-003,-8.463602e+000
6.693897026178204e-003,-8.466247e+000
6.694154169035347e-003,-8.468475e+000
6.694411311892490e-003,-8.470286e+000
6.694668454749634e-003,-8.471678e+000
6.694925597606777e-003,-8.472653e+000
6.695182740463921e-003,-8.473209e+000
6.696582740463925e-003,-8.474780e+000
6.697982740463929e-003,-8.476018e+000
6.699382740463933e-003,-8.476922e+000
6.700782740463936e-003,-8.477493e+000
6.702182740463940e-003,-8.477730e+000
6.703582740463944e-003,-8.477634e+000
6.704982740463948e-003,-8.477204e+000
6.721382740463993e-003,-8.477198e+000
6.823782740464175e-003,-8.477119e+000
6.926182740463567e-003,-8.477041e+000
7.028582740462959e-003,-8.476963e+000
7.130982740462350e-003,-8.476884e+000
7.233382740461742e-003,-8.476805e+000
7.335782740461134e-003,-8.469203e+000
7.344582740461082e-003,-8.467631e+000
7.353382740461030e-003,-8.464850e+000
7.362182740460977e-003,-8.460860e+000
7.370982740460925e-003,-8.455660e+000
7.379782740460873e-003,-8.449251e+000
7.388582740460821e-003,-8.441633e+000
7.397382740460768e-003,-8.432805e+000
7.398854169032188e-003,-8.430814e+000
7.400325597603608e-003,-8.428328e+000
7.401797026175028e-003,-8.425346e+000
7.403268454746447e-003,-8.421868e+000
7.404739883317867e-003,-8.417895e+000
7.406211311889287e-003,-8.413427e+000
7.407682740460707e-003,-8.408463e+000
7.408097026174991e-003,-8.406803e+000
7.408511311889274e-003,-8.404890e+000
7.408925597603557e-003,-8.402724e+000
7.409339883317840e-003,-8.400304e+000
7.409754169032124e-003,-8.397631e+000
7.410168454746406e-003,-8.394705e+000
7.410582740460690e-003,-8.391525e+000
7.410725597603547e-003,-8.390285e+000
7.410868454746402e-003,-8.388934e+000
7.411011311889259e-003,-8.387472e+000
7.411154169032115e-003,-8.385898e+000
7.411297026174972e-003,-8.384213e+000
7.411439883317827e-003,-8.382416e+000
7.411582740460684e-003,-8.380508e+000
7.411682740460683e-003,-8.379030e+000
7.411782740460683e-003,-8.377446e+000
7.411882740460682e-003,-8.375738e+000
7.411982740460682e-003,-8.373884e+000
7.412082740460681e-003,-8.371861e+000
7.412182740460680e-003,-8.369628e+000
7.412282740460680e-003,-8.367142e+000
7.412382740460679e-003,-8.364336e+000
7.412482740460679e-003,-8.361118e+000
7.412582740460678e-003,-8.357349e+000
7.412682740460677e-003,-8.352803e+000
7.412782740460677e-003,-8.347088e+000
7.412882740460676e-003,-8.339454e+000
7.412982740460676e-003,-8.328133e+000
7.413082740460675e-003,-8.307931e+000
7.413182740460675e-003,-8.268049e+000
7.413261894462410e-003,-8.207203e+000
7.413347344571964e-003,-8.093405e+000
7.413444817381982e-003,-7.888660e+000
7.413527352395217e-003,-7.618093e+000
7.413614945613992e-003,-7.170897e+000
7.413714945613992e-003,-6.411581e+000
7.413814945613991e-003,-5.393570e+000
7.413882710538144e-003,-4.575791e+000
7.413957024619047e-003,-3.620583e+000
7.414023830323089e-003,-2.756188e+000
7.414094385087605e-003,-1.843529e+000
7.414168046226712e-003,-8.906431e-001
7.414213800963146e-003,-2.987695e-001
7.414252125705994e-003,1.969829e-001
7.414293864190865e-003,7.368957e-001
7.414308125927138e-003,9.213891e-001
7.414322871822046e-003,1.112154e+000
7.414338406009741e-003,1.313117e+000
7.414358233277001e-003,1.569615e+000
7.414376322374567e-003,1.803622e+000
7.414401499787816e-003,2.129318e+000
7.414432558638726e-003,2.531089e+000
7.414471168084764e-003,3.030525e+000
7.414512658335341e-003,3.567223e+000
7.414558662355802e-003,4.162306e+000
7.414614015848808e-003,4.878325e+000
7.414714015848808e-003,6.171854e+000
7.414814015848807e-003,7.465351e+000
7.414866843916759e-003,8.089558e+000
7.414897298434120e-003,8.314695e+000
7.414923880190598e-003,8.379657e+000
7.414939929774085e-003,8.389915e+000
7.414951600552486e-003,8.394865e+000
7.414966511284709e-003,8.399828e+000
7.414990045419465e-003,8.406304e+000
7.415002180391032e-003,8.409145e+000
7.415013928979253e-003,8.411525e+000
7.415028124317618e-003,8.414110e+000
7.415043680414814e-003,8.416664e+000
7.415060237096696e-003,8.419108e+000
7.415078367899015e-003,8.421515e+000
7.415099304739213e-003,8.424006e+000
7.415125343126810e-003,8.426743e+000
7.415163665048513e-003,8.430276e+000
7.415240811384316e-003,8.436011e+000
7.415287327833491e-003,8.438802e+000
7.415359947808271e-003,8.442457e+000
7.415459947808270e-003,8.446629e+000
7.415559947808270e-003,8.450059e+000
7.415759947808269e-003,8.455292e+000
7.416059947808267e-003,8.460699e+000
7.416331376379694e-003,8.463722e+000
7.416602804951121e-003,8.466326e+000
7.416874233522548e-003,8.468511e+000
7.417145662093974e-003,8.470276e+000
7.417417090665401e-003,8.471623e+000
7.417688519236828e-003,8.472549e+000
7.417959947808256e-003,8.473057e+000
7.419517090665389e-003,8.474502e+000
7.421074233522523e-003,8.475638e+000
7.422631376379657e-003,8.476463e+000
7.424188519236790e-003,8.476978e+000
7.425745662093923e-003,8.477182e+000
7.427302804951057e-003,8.477077e+000
7.428859947808191e-003,8.476661e+000
7.435559947808151e-003,8.476663e+000
7.537959947807543e-003,8.476663e+000
7.640359947806935e-003,8.476663e+000
7.654974233521134e-003,8.479027e+000
7.669588519235332e-003,8.479642e+000
7.684202804949532e-003,8.478508e+000
7.698817090663730e-003,8.475625e+000
7.713431376377930e-003,8.470993e+000
7.728045662092128e-003,8.464612e+000
7.742659947806327e-003,8.456482e+000
7.742759947806327e-003,8.456372e+000
7.744974233520600e-003,8.454355e+000
7.747188519234872e-003,8.451511e+000
7.749402804949145e-003,8.447843e+000
7.751617090663417e-003,8.443348e+000
7.753831376377690e-003,8.438029e+000
7.756045662091962e-003,8.431883e+000
7.758259947806235e-003,8.424912e+000
7.758717090663374e-003,8.423068e+000
7.759174233520515e-003,8.420897e+000
7.759631376377655e-003,8.418400e+000
7.760088519234795e-003,8.415576e+000
7.760545662091935e-003,8.412425e+000
7.761002804949076e-003,8.408948e+000
7.761459947806216e-003,8.405145e+000
7.761602804949072e-003,8.403776e+000
7.761745662091928e-003,8.402278e+000
7.761888519234784e-003,8.400649e+000
7.762031376377641e-003,8.398890e+000
7.762174233520497e-003,8.397002e+000
7.762317090663353e-003,8.394983e+000
7.762459947806210e-003,8.392835e+000
7.762559947806209e-003,8.391160e+000
7.762659947806208e-003,8.389357e+000
7.762759947806208e-003,8.387403e+000
7.762859947806207e-003,8.385270e+000
7.762959947806207e-003,8.382923e+000
7.763059947806206e-003,8.380315e+000
7.763159947806205e-003,8.377378e+000
7.763259947806205e-003,8.374018e+000
7.763359947806204e-003,8.370090e+000
7.763459947806204e-003,8.365366e+000
7.763559947806203e-003,8.359446e+000
7.763659947806203e-003,8.351531e+000
7.763759947806202e-003,8.339627e+000
7.763859947806201e-003,8.317984e+000
7.763947183937662e-003,8.280259e+000
7.764004370194555e-003,8.231331e+000
7.764074664651703e-003,8.134531e+000
7.764132619181265e-003,8.022023e+000
7.764190038729291e-003,7.868128e+000
7.764254330554287e-003,7.630532e+000
7.764325335042489e-003,7.250674e+000
7.764425335042489e-003,6.486980e+000
7.764513329044463e-003,5.599366e+000
7.764575728974588e-003,4.849299e+000
7.764647824215949e-003,3.921728e+000
7.764720660798960e-003,2.974012e+000
7.764786530633746e-003,2.115661e+000
7.764863129767206e-003,1.116498e+000
7.764906072723628e-003,5.558575e-001
7.764933405148724e-003,1.987875e-001
7.764955733186882e-003,-9.302953e-002
7.764981231114857e-003,-4.263889e-001
7.764993866870303e-003,-5.916423e-001
7.765007240687721e-003,-7.666016e-001
7.765022433089502e-003,-9.654070e-001
7.765040645176467e-003,-1.203797e+000
7.765057398769931e-003,-1.423157e+000
7.765071407658981e-003,-1.606628e+000
7.765087258064813e-003,-1.814271e+000
7.765104422152716e-003,-2.039188e+000
7.765127834887118e-003,-2.346094e+000
7.765159023199950e-003,-2.755101e+000
7.765192796287837e-003,-3.198231e+000
7.765229336811480e-003,-3.677956e+000
7.765271370257034e-003,-4.230162e+000
7.765320884773629e-003,-4.881222e+000
7.765406725446620e-003,-6.011219e+000
7.765506725446620e-003,-7.329190e+000
7.765564111511971e-003,-8.038354e+000
7.765595328220123e-003,-8.300875e+000
7.765619271295749e-003,-8.375487e+000
7.765635126308301e-003,-8.387315e+000
7.765645437658654e-003,-8.392306e+000
7.765658777739909e-003,-8.397252e+000
7.765685457902419e-003,-8.405232e+000
7.765699928050556e-003,-8.408822e+000
7.765713786023790e-003,-8.411707e+000
7.765730657178113e-003,-8.414795e+000
7.765749259593190e-003,-8.417800e+000
7.765769741150006e-003,-8.420714e+000
7.765792998842074e-003,-8.423622e+000
7.765822233512125e-003,-8.426784e+000
7.765866260811126e-003,-8.430872e+000
7.765907299432657e-003,-8.434106e+000
7.765966241238008e-003,-8.438015e+000
7.766022302329693e-003,-8.441111e+000
7.766122302329693e-003,-8.445625e+000
7.766222302329692e-003,-8.449345e+000
7.766422302329691e-003,-8.454952e+000
7.766722302329689e-003,-8.460663e+000
7.766979445186830e-003,-8.463699e+000
7.767236588043972e-003,-8.466322e+000
7.767493730901113e-003,-8.468531e+000
7.767750873758255e-003,-8.470327e+000
7.768008016615396e-003,-8.471709e+000
7.768265159472538e-003,-8.472677e+000
7.768522302329679e-003,-8.473232e+000
7.769922302329670e-003,-8.474794e+000
7.771322302329662e-003,-8.476025e+000
7.772722302329654e-003,-8.476924e+000
7.774122302329645e-003,-8.477491e+000
7.775522302329637e-003,-8.477727e+000
7.776922302329629e-003,-8.477632e+000
7.778322302329620e-003,-8.477204e+000
7.842122302329242e-003,-8.477161e+000
7.944522302328633e-003,-8.477083e+000
8.046922302328025e-003,-8.477005e+000
8.149322302327417e-003,-8.476927e+000
8.251722302326809e-003,-8.476848e+000
8.354122302326201e-003,-8.476728e+000
8.368736588040399e-003,-8.476553e+000
8.383350873754599e-003,-8.475066e+000
8.397965159468798e-003,-8.472268e+000
8.412579445182996e-003,-8.468160e+000
8.427193730897195e-003,-8.462740e+000
8.441808016611395e-003,-8.456009e+000
8.456422302325593e-003,-8.447967e+000
8.456522302325593e-003,-8.447888e+000
8.459579445182717e-003,-8.445829e+000
8.462636588039842e-003,-8.443064e+000
8.465693730896966e-003,-8.439594e+000
8.468750873754092e-003,-8.435418e+000
8.471808016611217e-003,-8.430537e+000
8.474865159468341e-003,-8.424950e+000
8.477922302325466e-003,-8.418657e+000
8.478636588039747e-003,-8.416840e+000
8.479350873754029e-003,-8.414684e+000
8.480065159468310e-003,-8.412189e+000
8.480779445182591e-003,-8.409355e+000
8.481493730896872e-003,-8.406182e+000
8.482208016611155e-003,-8.402669e+000
8.482922302325436e-003,-8.398818e+000
8.483165159468292e-003,-8.397317e+000
8.483408016611148e-003,-8.395626e+000
8.483650873754004e-003,-8.393745e+000
8.483893730896858e-003,-8.391675e+000
8.484136588039714e-003,-8.389414e+000
8.484379445182570e-003,-8.386965e+000
8.484622302325426e-003,-8.384325e+000
8.484822302325425e-003,-8.381782e+000
8.485022302325423e-003,-8.378904e+000
8.485122302325423e-003,-8.377310e+000
8.485222302325422e-003,-8.375591e+000
8.485322302325422e-003,-8.373725e+000
8.485422302325421e-003,-8.371685e+000
8.485522302325421e-003,-8.369433e+000
8.485622302325420e-003,-8.366924e+000
8.485722302325419e-003,-8.364088e+000
8.485822302325419e-003,-8.360831e+000
8.485922302325418e-003,-8.357008e+000
8.486022302325418e-003,-8.352384e+000
8.486122302325417e-003,-8.346546e+000
8.486222302325416e-003,-8.338697e+000
8.486322302325416e-003,-8.326922e+000
8.486422302325415e-003,-8.305513e+000
8.486522302325415e-003,-8.262776e+000
8.486602895048994e-003,-8.197004e+000
8.486687953019542e-003,-8.077153e+000
8.486787953019541e-003,-7.854425e+000
8.486871639784954e-003,-7.562634e+000
8.486959927230911e-003,-7.083671e+000
8.487059927230910e-003,-6.296442e+000
8.487142007428625e-003,-5.446780e+000
8.487205179623520e-003,-4.680325e+000
8.487276071023455e-003,-3.770524e+000
8.487341597776836e-003,-2.922889e+000
8.487411030837713e-003,-2.024688e+000
8.487483780393738e-003,-1.083600e+000
8.487536625283803e-003,-4.000064e-001
8.487582559659172e-003,1.941826e-001
8.487626086199861e-003,7.572268e-001
8.487641376385951e-003,9.550251e-001
8.487657191565750e-003,1.159623e+000
8.487673521461212e-003,1.370880e+000
8.487692646576362e-003,1.618293e+000
8.487711823183563e-003,1.866367e+000
8.487737827057265e-003,2.202753e+000
8.487773414423456e-003,2.663102e+000
8.487809201320504e-003,3.126026e+000
8.487850503416673e-003,3.660289e+000
8.487896602172350e-003,4.256597e+000
8.487957344744885e-003,5.042325e+000
8.488057344744884e-003,6.335853e+000
8.488157344744883e-003,7.629170e+000
8.488202012878639e-003,8.143838e+000
8.488229446960028e-003,8.326361e+000
8.488257455539609e-003,8.381835e+000
8.488271214553599e-003,8.390271e+000
8.488283445488527e-003,8.395310e+000
8.488298164646739e-003,8.400167e+000
8.488320085370864e-003,8.406170e+000
8.488332700337537e-003,8.409116e+000
8.488344903036791e-003,8.411588e+000
8.488359326604028e-003,8.414208e+000
8.488374763916279e-003,8.416734e+000
8.488391423122006e-003,8.419186e+000
8.488409573780026e-003,8.421587e+000
8.488430814050608e-003,8.424104e+000
8.488457197834101e-003,8.426860e+000
8.488497167748070e-003,8.430517e+000
8.488574214272040e-003,8.436192e+000
8.488620890644663e-003,8.438962e+000
8.488697698204798e-003,8.442780e+000
8.488797698204797e-003,8.446897e+000
8.488897698204797e-003,8.450278e+000
8.489097698204795e-003,8.455448e+000
8.489397698204794e-003,8.460803e+000
8.489669126776220e-003,8.463803e+000
8.489940555347648e-003,8.466388e+000
8.490211983919074e-003,8.468557e+000
8.490483412490502e-003,8.470310e+000
8.490754841061928e-003,8.471647e+000
8.491026269633356e-003,8.472569e+000
8.491297698204782e-003,8.473075e+000
8.492869126776201e-003,8.474516e+000
8.494440555347621e-003,8.475647e+000
8.496011983919040e-003,8.476469e+000
8.497583412490460e-003,8.476981e+000
8.499154841061878e-003,8.477184e+000
8.500726269633298e-003,8.477077e+000
8.502297698204717e-003,8.476661e+000
8.556297698204396e-003,8.476663e+000
8.658697698203788e-003,8.476663e+000
8.761097698203180e-003,8.476663e+000
8.770340555345983e-003,8.478143e+000
8.779583412488785e-003,8.477470e+000
8.788826269631588e-003,8.474642e+000
8.798069126774388e-003,8.469660e+000
8.807311983917191e-003,8.462524e+000
8.816554841059993e-003,8.453234e+000
8.825797698202796e-003,8.441790e+000
8.826883412488504e-003,8.439743e+000
8.827969126774211e-003,8.437139e+000
8.829054841059919e-003,8.433978e+000
8.830140555345627e-003,8.430259e+000
8.831226269631336e-003,8.425984e+000
8.832311983917042e-003,8.421151e+000
8.833397698202751e-003,8.415761e+000
8.833669126774177e-003,8.414121e+000
8.833940555345605e-003,8.412263e+000
8.834211983917031e-003,8.410186e+000
8.834483412488459e-003,8.407891e+000
8.834754841059885e-003,8.405378e+000
8.835026269631313e-003,8.402645e+000
8.835297698202739e-003,8.399694e+000
8.835597698202738e-003,8.395760e+000
8.835797698202736e-003,8.392715e+000
8.835897698202736e-003,8.391032e+000
8.835997698202735e-003,8.389218e+000
8.836097698202735e-003,8.387253e+000
8.836197698202734e-003,8.385106e+000
8.836297698202733e-003,8.382742e+000
8.836397698202733e-003,8.380112e+000
8.836497698202732e-003,8.377148e+000
8.836597698202732e-003,8.373753e+000
8.836697698202731e-003,8.369776e+000
8.836797698202730e-003,8.364980e+000
8.836897698202730e-003,8.358949e+000
8.836997698202729e-003,8.350834e+000
8.837097698202729e-003,8.338478e+000
8.837197698202728e-003,8.316014e+000
8.837279951976935e-003,8.279026e+000
8.837337239961652e-003,8.228930e+000
8.837406359233451e-003,8.132449e+000
8.837466205215161e-003,8.014678e+000
8.837524029012639e-003,7.857005e+000
8.837589676053990e-003,7.608864e+000
8.837661811519617e-003,7.213570e+000
8.837761811519617e-003,6.435818e+000
8.837845606557399e-003,5.580749e+000
8.837907646780979e-003,4.831152e+000
8.837978673690098e-003,3.916765e+000
8.838044269968088e-003,3.063264e+000
8.838112560609653e-003,2.173443e+000
8.838185423726632e-003,1.223099e+000
8.838232919286105e-003,6.030686e-001
8.838261224119116e-003,2.333188e-001
8.838283317322785e-003,-5.541824e-002
8.838310300744169e-003,-4.081880e-001
8.838323748163183e-003,-5.840518e-001
8.838336585022371e-003,-7.519832e-001
8.838351645561826e-003,-9.490592e-001
8.838369942540331e-003,-1.188558e+000
8.838388992506548e-003,-1.437985e+000
8.838403764237387e-003,-1.631451e+000
8.838419912837037e-003,-1.843006e+000
8.838437147258457e-003,-2.068853e+000
8.838461171163393e-003,-2.383786e+000
8.838494413687618e-003,-2.819756e+000
8.838526645075878e-003,-3.242684e+000
8.838563294223105e-003,-3.723864e+000
8.838605178420217e-003,-4.274147e+000
8.838657401511721e-003,-4.960894e+000
8.838749827205363e-003,-6.177748e+000
8.838849827205363e-003,-7.495897e+000
8.838896668203550e-003,-8.070073e+000
8.838925172583709e-003,-8.304190e+000
8.838948261094291e-003,-8.374341e+000
8.838963845897647e-003,-8.386384e+000
8.838974444466513e-003,-8.391667e+000
8.838987840419910e-003,-8.396749e+000
8.839014632326704e-003,-8.404925e+000
8.839027597095156e-003,-8.408206e+000
8.839041888290749e-003,-8.411235e+000
8.839059012047561e-003,-8.414428e+000
8.839077526558666e-003,-8.417466e+000
8.839097683306041e-003,-8.420378e+000
8.839120507718573e-003,-8.423274e+000
8.839148910579161e-003,-8.426403e+000
8.839190444340412e-003,-8.430340e+000
8.839231872772056e-003,-8.433670e+000
8.839290288766590e-003,-8.437626e+000
8.839344640272383e-003,-8.440687e+000
8.839444640272382e-003,-8.445287e+000
8.839544640272382e-003,-8.449072e+000
8.839744640272380e-003,-8.454761e+000
8.840044640272379e-003,-8.460538e+000
8.840301783129520e-003,-8.463602e+000
8.840558925986661e-003,-8.466247e+000
8.840816068843802e-003,-8.468475e+000
8.841073211700945e-003,-8.470286e+000
8.841330354558086e-003,-8.471678e+000
8.841587497415227e-003,-8.472653e+000
8.841844640272368e-003,-8.473209e+000
8.843244640272360e-003,-8.474780e+000
8.844644640272351e-003,-8.476018e+000
8.846044640272343e-003,-8.476922e+000
8.847444640272335e-003,-8.477493e+000
8.848844640272326e-003,-8.477730e+000
8.850244640272318e-003,-8.477634e+000
8.851644640272310e-003,-8.477204e+000
8.860444640272257e-003,-8.477203e+000
8.962844640271649e-003,-8.477125e+000
8.999844640271430e-003,-8.477098e+000
8.999944640271429e-003,-8.477098e+000
