t,u_ref,u_fb,u_mult,u_e
0.0,1.0,1.0,1.0,0.21999999999999992
0.004004004004004004,1.0,1.0,1.0,0.22999999999999993
0.008008008008008008,1.0,1.0,1.0,0.23999999999999994
0.012012012012012012,1.0,1.0,1.0,0.24999999999999994
0.016016016016016016,1.0,1.0,1.0,0.23999999999999994
0.02002002002002002,1.0,1.0,1.0,0.22999999999999993
0.024024024024024024,1.0,1.0,1.0,0.21999999999999992
0.028028028028028028,1.0,1.0,1.0,0.2099999999999999
0.03203203203203203,1.0,1.0,1.0,0.1999999999999999
0.036036036036036036,1.0,1.0,1.0,0.1899999999999999
0.04004004004004004,1.0,1.0,1.0,0.17999999999999988
0.044044044044044044,1.0,1.0,1.0,0.16999999999999987
0.04804804804804805,1.0,-1.0,-1.0,0.15999999999999998
0.05205205205205205,-1.0,-1.0,1.0,0.14999999999999997
0.056056056056056056,-1.0,-1.0,1.0,0.15999999999999998
0.06006006006006006,-1.0,-1.0,1.0,0.14999999999999997
0.06406406406406406,-1.0,-1.0,1.0,0.13999999999999996
0.06806806806806806,-1.0,-1.0,1.0,0.12999999999999995
0.07207207207207207,-1.0,-1.0,1.0,0.11999999999999995
0.07607607607607608,-1.0,-1.0,1.0,0.10999999999999996
0.08008008008008008,-1.0,-1.0,1.0,0.09999999999999996
0.08408408408408408,-1.0,-1.0,1.0,0.08999999999999997
0.08808808808808809,-1.0,-1.0,1.0,0.07999999999999997
0.0920920920920921,-1.0,1.0,-1.0,0.06999999999999998
0.0960960960960961,-1.0,1.0,-1.0,0.05999999999999998
0.10010010010010009,1.0,1.0,1.0,0.049999999999999975
0.1041041041041041,1.0,1.0,1.0,0.03999999999999997
0.10810810810810811,1.0,1.0,1.0,0.02999999999999997
0.11211211211211211,1.0,1.0,1.0,0.019999999999999955
0.11611611611611611,1.0,1.0,1.0,0.009999999999999955
0.12012012012012012,1.0,1.0,1.0,-4.5102810375396984e-17
0.12412412412412413,1.0,1.0,1.0,-0.010000000000000045
0.12812812812812813,1.0,1.0,1.0,-0.020000000000000046
0.13213213213213212,1.0,1.0,1.0,-0.030000000000000047
0.13613613613613612,1.0,1.0,1.0,-0.04000000000000005
0.14014014014014015,1.0,-1.0,-1.0,-0.05000000000000005
0.14414414414414414,1.0,-1.0,-1.0,-0.06000000000000005
0.14814814814814814,1.0,-1.0,-1.0,-0.07000000000000005
0.15215215215215216,-1.0,-1.0,1.0,-0.060000000000000046
0.15615615615615616,-1.0,-1.0,1.0,-0.07000000000000005
0.16016016016016016,-1.0,-1.0,1.0,-0.08000000000000004
0.16416416416416416,-1.0,-1.0,1.0,-0.09000000000000004
0.16816816816816815,-1.0,-1.0,1.0,-0.10000000000000003
0.17217217217217218,-1.0,-1.0,1.0,-0.11000000000000003
0.17617617617617617,-1.0,-1.0,1.0,-0.12000000000000004
0.18018018018018017,-1.0,-1.0,1.0,-0.13000000000000003
0.1841841841841842,-1.0,1.0,-1.0,-0.14000000000000004
0.1881881881881882,-1.0,1.0,-1.0,-0.15000000000000005
0.1921921921921922,-1.0,1.0,-1.0,-0.16000000000000006
0.1961961961961962,-1.0,1.0,-1.0,-0.15000000000000005
0.20020020020020018,1.0,1.0,1.0,-0.14000000000000004
0.2042042042042042,1.0,1.0,1.0,-0.15000000000000005
0.2082082082082082,1.0,1.0,1.0,-0.16000000000000006
0.2122122122122122,1.0,1.0,1.0,-0.17000000000000007
0.21621621621621623,1.0,1.0,1.0,-0.18000000000000008
0.22022022022022023,1.0,1.0,1.0,-0.19000000000000009
0.22422422422422422,1.0,1.0,1.0,-0.2000000000000001
0.22822822822822822,1.0,-1.0,-1.0,-0.2100000000000001
0.23223223223223222,1.0,-1.0,-1.0,-0.2200000000000001
0.23623623623623624,1.0,-1.0,-1.0,-0.23000000000000012
0.24024024024024024,1.0,-1.0,-1.0,-0.22000000000000006
0.24424424424424424,1.0,-1.0,-1.0,-0.21000000000000005
0.24824824824824826,1.0,-1.0,-1.0,-0.20000000000000004
0.25225225225225223,-1.0,-1.0,1.0,-0.19000000000000003
0.25625625625625625,-1.0,-1.0,1.0,-0.20000000000000004
0.2602602602602603,-1.0,-1.0,1.0,-0.21000000000000005
0.26426426426426425,-1.0,-1.0,1.0,-0.22000000000000006
0.2682682682682683,-1.0,-1.0,1.0,-0.23000000000000007
0.27227227227227224,-1.0,-1.0,1.0,-0.24000000000000007
0.27627627627627627,-1.0,1.0,-1.0,-0.25000000000000006
0.2802802802802803,-1.0,1.0,-1.0,-0.26000000000000006
0.28428428428428426,-1.0,1.0,-1.0,-0.2700000000000001
0.2882882882882883,-1.0,1.0,-1.0,-0.26000000000000006
0.2922922922922923,-1.0,1.0,-1.0,-0.25000000000000006
0.2962962962962963,-1.0,1.0,-1.0,-0.24000000000000005
0.3003003003003003,1.0,1.0,1.0,-0.23000000000000004
0.30430430430430433,1.0,1.0,1.0,-0.24000000000000005
0.3083083083083083,1.0,1.0,1.0,-0.25000000000000006
0.3123123123123123,1.0,1.0,1.0,-0.26000000000000006
0.3163163163163163,1.0,1.0,1.0,-0.2700000000000001
0.3203203203203203,1.0,-1.0,-1.0,-0.2800000000000001
0.32432432432432434,1.0,-1.0,-1.0,-0.2900000000000001
0.3283283283283283,1.0,-1.0,-1.0,-0.3000000000000001
0.33233233233233234,1.0,-1.0,-1.0,-0.2900000000000001
0.3363363363363363,1.0,-1.0,-1.0,-0.2800000000000001
0.34034034034034033,1.0,-1.0,-1.0,-0.2700000000000001
0.34434434434434436,1.0,-1.0,-1.0,-0.26000000000000006
0.3483483483483483,1.0,-1.0,-1.0,-0.25000000000000006
0.35235235235235235,-1.0,-1.0,1.0,-0.24000000000000005
0.3563563563563564,-1.0,-1.0,1.0,-0.25000000000000006
0.36036036036036034,-1.0,-1.0,1.0,-0.26000000000000006
0.36436436436436437,-1.0,1.0,-1.0,-0.2700000000000001
0.3683683683683684,-1.0,1.0,-1.0,-0.28
0.37237237237237236,-1.0,1.0,-1.0,-0.29000000000000004
0.3763763763763764,-1.0,1.0,-1.0,-0.28
0.38038038038038036,-1.0,1.0,-1.0,-0.27
0.3843843843843844,-1.0,1.0,-1.0,-0.26
0.3883883883883884,-1.0,1.0,-1.0,-0.25
0.3923923923923924,-1.0,1.0,-1.0,-0.24
0.3963963963963964,-1.0,1.0,-1.0,-0.22999999999999998
0.40040040040040037,1.0,1.0,1.0,-0.21999999999999997
0.4044044044044044,1.0,1.0,1.0,-0.24
0.4084084084084084,1.0,1.0,1.0,-0.26
0.4124124124124124,1.0,-1.0,-1.0,-0.28
0.4164164164164164,1.0,-1.0,-1.0,-0.30000000000000004
0.42042042042042044,1.0,-1.0,-1.0,-0.32000000000000006
0.4244244244244244,1.0,-1.0,-1.0,-0.32000000000000006
0.42842842842842843,1.0,-1.0,-1.0,-0.32000000000000006
0.43243243243243246,1.0,-1.0,-1.0,-0.32000000000000006
0.4364364364364364,1.0,-1.0,-1.0,-0.32000000000000006
0.44044044044044045,1.0,-1.0,-1.0,-0.32
0.4444444444444444,1.0,-1.0,-1.0,-0.31999999999999995
0.44844844844844844,1.0,-1.0,-1.0,-0.31999999999999995
0.45245245245245247,-1.0,-1.0,1.0,-0.29999999999999993
0.45645645645645644,-1.0,1.0,-1.0,-0.31999999999999995
0.46046046046046046,-1.0,1.0,-1.0,-0.33999999999999997
0.46446446446446443,-1.0,1.0,-1.0,-0.36
0.46846846846846846,-1.0,1.0,-1.0,-0.36
0.4724724724724725,-1.0,1.0,-1.0,-0.36
0.47647647647647645,-1.0,1.0,-1.0,-0.36
0.4804804804804805,-1.0,1.0,-1.0,-0.36
0.4844844844844845,-1.0,1.0,-1.0,-0.36
0.48848848848848847,-1.0,1.0,-1.0,-0.36
0.4924924924924925,-1.0,1.0,-1.0,-0.36
0.4964964964964965,-1.0,1.0,-1.0,-0.3399999999999999
0.5005005005005005,1.0,-1.0,-1.0,-0.31999999999999995
0.5045045045045045,1.0,-1.0,-1.0,-0.33999999999999997
0.5085085085085085,1.0,-1.0,-1.0,-0.36
0.5125125125125125,1.0,-1.0,-1.0,-0.38
0.5165165165165165,1.0,-1.0,-1.0,-0.38
0.5205205205205206,1.0,-1.0,-1.0,-0.38
0.5245245245245245,1.0,-1.0,-1.0,-0.38
0.5285285285285285,1.0,-1.0,-1.0,-0.38
0.5325325325325325,1.0,-1.0,-1.0,-0.38
0.5365365365365365,1.0,-1.0,-1.0,-0.38
0.5405405405405406,1.0,-1.0,-1.0,-0.37999999999999995
0.5445445445445445,1.0,-1.0,-1.0,-0.3599999999999999
0.5485485485485485,1.0,1.0,1.0,-0.3399999999999999
0.5525525525525525,-1.0,1.0,-1.0,-0.31999999999999995
0.5565565565565566,-1.0,1.0,-1.0,-0.33999999999999997
0.5605605605605606,-1.0,1.0,-1.0,-0.33999999999999997
0.5645645645645646,-1.0,1.0,-1.0,-0.33999999999999997
0.5685685685685685,-1.0,1.0,-1.0,-0.33999999999999997
0.5725725725725725,-1.0,1.0,-1.0,-0.33999999999999997
0.5765765765765766,-1.0,1.0,-1.0,-0.33999999999999997
0.5805805805805806,-1.0,1.0,-1.0,-0.33999999999999997
0.5845845845845846,-1.0,1.0,-1.0,-0.33999999999999997
0.5885885885885885,-1.0,1.0,-1.0,-0.31999999999999995
0.5925925925925926,-1.0,-1.0,1.0,-0.29999999999999993
0.5965965965965966,-1.0,-1.0,1.0,-0.2799999999999999
0.6006006006006006,1.0,-1.0,-1.0,-0.2599999999999999
0.6046046046046046,1.0,-1.0,-1.0,-0.2599999999999999
0.6086086086086087,1.0,-1.0,-1.0,-0.2599999999999999
0.6126126126126126,1.0,-1.0,-1.0,-0.2599999999999999
0.6166166166166166,1.0,-1.0,-1.0,-0.2599999999999999
0.6206206206206206,1.0,-1.0,-1.0,-0.2599999999999999
0.6246246246246246,1.0,-1.0,-1.0,-0.2599999999999999
0.6286286286286287,1.0,-1.0,-1.0,-0.2599999999999999
0.6326326326326326,1.0,-1.0,-1.0,-0.23999999999999988
0.6366366366366366,1.0,1.0,1.0,-0.21999999999999986
0.6406406406406406,1.0,1.0,1.0,-0.1999999999999999
0.6446446446446447,1.0,1.0,1.0,-0.17999999999999994
0.6486486486486487,1.0,1.0,1.0,-0.1599999999999999
0.6526526526526526,-1.0,1.0,-1.0,-0.15999999999999992
0.6566566566566566,-1.0,1.0,-1.0,-0.15999999999999992
0.6606606606606606,-1.0,1.0,-1.0,-0.15999999999999992
0.6646646646646647,-1.0,1.0,-1.0,-0.15999999999999992
0.6686686686686687,-1.0,1.0,-1.0,-0.15999999999999992
0.6726726726726726,-1.0,1.0,-1.0,-0.15999999999999992
0.6766766766766766,-1.0,1.0,-1.0,-0.1599999999999999
0.6806806806806807,-1.0,1.0,-1.0,-0.1399999999999999
0.6846846846846847,-1.0,-1.0,1.0,-0.1199999999999999
0.6886886886886887,-1.0,-1.0,1.0,-0.09999999999999991
0.6926926926926927,-1.0,-1.0,1.0,-0.07999999999999995
0.6966966966966966,-1.0,-1.0,1.0,-0.07999999999999997
0.7007007007007007,1.0,-1.0,-1.0,-0.07999999999999997
0.7047047047047047,1.0,-1.0,-1.0,-0.07999999999999997
0.7087087087087087,1.0,-1.0,-1.0,-0.07999999999999997
0.7127127127127127,1.0,-1.0,-1.0,-0.07999999999999997
0.7167167167167167,1.0,-1.0,-1.0,-0.07999999999999997
0.7207207207207207,1.0,-1.0,-1.0,-0.07999999999999997
0.7247247247247247,1.0,-1.0,-1.0,-0.05999999999999996
0.7287287287287287,1.0,1.0,1.0,-0.03999999999999996
0.7327327327327328,1.0,1.0,1.0,-0.019999999999999955
0.7367367367367368,1.0,1.0,1.0,5.898059818321144e-17
0.7407407407407407,1.0,1.0,1.0,5.204170427930421e-17
0.7447447447447447,1.0,1.0,1.0,3.8163916471489756e-17
0.7487487487487487,1.0,1.0,1.0,4.5102810375396984e-17
0.7527527527527528,-1.0,1.0,-1.0,4.5102810375396984e-17
0.7567567567567568,-1.0,1.0,-1.0,3.8163916471489756e-17
0.7607607607607607,-1.0,1.0,-1.0,4.5102810375396984e-17
0.7647647647647647,-1.0,1.0,-1.0,5.204170427930421e-17
0.7687687687687688,-1.0,1.0,-1.0,0.020000000000000052
0.7727727727727728,-1.0,-1.0,1.0,0.04000000000000005
0.7767767767767768,-1.0,-1.0,1.0,0.06000000000000005
0.7807807807807807,-1.0,-1.0,1.0,0.08000000000000004
0.7847847847847848,-1.0,-1.0,1.0,0.10000000000000003
0.7887887887887888,-1.0,-1.0,1.0,0.10000000000000003
0.7927927927927928,-1.0,-1.0,1.0,0.10000000000000002
0.7967967967967968,-1.0,-1.0,1.0,0.10000000000000005
0.8008008008008007,1.0,-1.0,-1.0,0.10000000000000005
0.8048048048048048,1.0,-1.0,-1.0,0.10000000000000005
0.8088088088088088,1.0,-1.0,-1.0,0.10000000000000005
0.8128128128128128,1.0,-1.0,-1.0,0.10000000000000003
0.8168168168168168,1.0,-1.0,-1.0,0.12000000000000005
0.8208208208208209,1.0,1.0,1.0,0.14000000000000007
0.8248248248248248,1.0,1.0,1.0,0.1600000000000001
0.8288288288288288,1.0,1.0,1.0,0.1800000000000001
0.8328328328328328,1.0,1.0,1.0,0.1800000000000001
0.8368368368368369,1.0,1.0,1.0,0.1800000000000001
0.8408408408408409,1.0,1.0,1.0,0.18000000000000008
0.8448448448448448,1.0,1.0,1.0,0.18000000000000005
0.8488488488488488,1.0,1.0,1.0,0.18000000000000002
0.8528528528528528,-1.0,1.0,-1.0,0.18
0.8568568568568569,-1.0,1.0,-1.0,0.18
0.8608608608608609,-1.0,1.0,-1.0,0.2
0.8648648648648649,-1.0,-1.0,1.0,0.22000000000000003
0.8688688688688688,-1.0,-1.0,1.0,0.24000000000000005
0.8728728728728729,-1.0,-1.0,1.0,0.26000000000000006
0.8768768768768769,-1.0,-1.0,1.0,0.26000000000000006
0.8808808808808809,-1.0,-1.0,1.0,0.26000000000000006
0.8848848848848849,-1.0,-1.0,1.0,0.26000000000000006
0.8888888888888888,-1.0,-1.0,1.0,0.26000000000000006
0.8928928928928929,-1.0,-1.0,1.0,0.26
0.8968968968968969,-1.0,-1.0,1.0,0.26
0.9009009009009009,1.0,-1.0,-1.0,0.25999999999999995
0.9049049049049049,1.0,-1.0,-1.0,0.27999999999999997
0.9089089089089089,1.0,-1.0,-1.0,0.3
0.9129129129129129,1.0,1.0,1.0,0.32
0.9169169169169169,1.0,1.0,1.0,0.34
0.9209209209209209,1.0,1.0,1.0,0.36000000000000004
0.924924924924925,1.0,1.0,1.0,0.36000000000000004
0.9289289289289289,1.0,1.0,1.0,0.36000000000000004
0.9329329329329329,1.0,1.0,1.0,0.36000000000000004
0.9369369369369369,1.0,1.0,1.0,0.36000000000000004
0.9409409409409409,1.0,1.0,1.0,0.36
0.944944944944945,1.0,1.0,1.0,0.36
0.948948948948949,1.0,1.0,1.0,0.36
0.9529529529529529,-1.0,1.0,-1.0,0.3399999999999999
0.9569569569569569,-1.0,-1.0,1.0,0.35999999999999993
0.960960960960961,-1.0,-1.0,1.0,0.37999999999999995
0.964964964964965,-1.0,-1.0,1.0,0.39999999999999997
0.968968968968969,-1.0,-1.0,1.0,0.39999999999999997
0.9729729729729729,-1.0,-1.0,1.0,0.39999999999999997
0.9769769769769769,-1.0,-1.0,1.0,0.4
0.980980980980981,-1.0,-1.0,1.0,0.4
0.984984984984985,-1.0,-1.0,1.0,0.39999999999999997
0.988988988988989,-1.0,-1.0,1.0,0.39999999999999997
0.992992992992993,-1.0,-1.0,1.0,0.39999999999999997
0.996996996996997,-1.0,-1.0,1.0,0.3799999999999999
1.001001001001001,1.0,1.0,1.0,0.3599999999999999
1.005005005005005,1.0,1.0,1.0,0.37999999999999995
1.009009009009009,1.0,1.0,1.0,0.39999999999999997
1.013013013013013,1.0,1.0,1.0,0.3999999999999999
1.017017017017017,1.0,1.0,1.0,0.3999999999999999
1.021021021021021,1.0,1.0,1.0,0.39999999999999997
1.025025025025025,1.0,1.0,1.0,0.39999999999999997
1.029029029029029,1.0,1.0,1.0,0.3999999999999999
1.033033033033033,1.0,1.0,1.0,0.3999999999999999
1.037037037037037,1.0,1.0,1.0,0.3999999999999999
1.0410410410410411,1.0,1.0,1.0,0.3799999999999999
1.045045045045045,1.0,1.0,1.0,0.3599999999999999
1.049049049049049,1.0,-1.0,-1.0,0.33999999999999986
1.053053053053053,-1.0,-1.0,1.0,0.3199999999999999
1.057057057057057,-1.0,-1.0,1.0,0.33999999999999997
1.0610610610610611,-1.0,-1.0,1.0,0.33999999999999997
1.065065065065065,-1.0,-1.0,1.0,0.3399999999999999
1.069069069069069,-1.0,-1.0,1.0,0.3399999999999999
1.073073073073073,-1.0,-1.0,1.0,0.33999999999999997
1.077077077077077,-1.0,-1.0,1.0,0.33999999999999997
1.0810810810810811,-1.0,-1.0,1.0,0.3399999999999999
1.085085085085085,-1.0,-1.0,1.0,0.3399999999999999
1.089089089089089,-1.0,-1.0,1.0,0.31999999999999995
1.093093093093093,-1.0,1.0,-1.0,0.29999999999999993
1.097097097097097,-1.0,1.0,-1.0,0.2799999999999999
1.1011011011011012,1.0,1.0,1.0,0.2599999999999999
1.105105105105105,1.0,1.0,1.0,0.2599999999999999
1.1091091091091092,1.0,1.0,1.0,0.2599999999999999
1.1131131131131131,1.0,1.0,1.0,0.2599999999999999
1.117117117117117,1.0,1.0,1.0,0.2599999999999999
1.1211211211211212,1.0,1.0,1.0,0.2599999999999999
1.125125125125125,1.0,1.0,1.0,0.2599999999999999
1.1291291291291292,1.0,1.0,1.0,0.2599999999999999
1.1331331331331331,1.0,1.0,1.0,0.23999999999999994
1.137137137137137,1.0,-1.0,-1.0,0.21999999999999992
1.1411411411411412,1.0,-1.0,-1.0,0.1999999999999999
1.145145145145145,1.0,-1.0,-1.0,0.17999999999999988
1.1491491491491492,1.0,-1.0,-1.0,0.1799999999999999
1.1531531531531531,-1.0,-1.0,1.0,0.1799999999999999
1.157157157157157,-1.0,-1.0,1.0,0.17999999999999988
1.1611611611611612,-1.0,-1.0,1.0,0.17999999999999988
1.165165165165165,-1.0,-1.0,1.0,0.17999999999999988
1.1691691691691692,-1.0,-1.0,1.0,0.17999999999999988
1.1731731731731732,-1.0,-1.0,1.0,0.17999999999999988
1.177177177177177,-1.0,-1.0,1.0,0.15999999999999992
1.1811811811811812,-1.0,-1.0,1.0,0.1399999999999999
1.1851851851851851,-1.0,1.0,-1.0,0.1199999999999999
1.1891891891891893,-1.0,1.0,-1.0,0.09999999999999991
1.1931931931931932,-1.0,1.0,-1.0,0.07999999999999995
1.197197197197197,-1.0,1.0,-1.0,0.07999999999999997
1.2012012012012012,1.0,1.0,1.0,0.07999999999999997
1.2052052052052051,1.0,1.0,1.0,0.07999999999999997
1.2092092092092093,1.0,1.0,1.0,0.07999999999999997
1.2132132132132132,1.0,1.0,1.0,0.07999999999999997
1.2172172172172173,1.0,1.0,1.0,0.07999999999999997
1.2212212212212212,1.0,1.0,1.0,0.07999999999999997
1.2252252252252251,1.0,1.0,1.0,0.05999999999999996
1.2292292292292293,1.0,-1.0,-1.0,0.03999999999999996
1.2332332332332332,1.0,-1.0,-1.0,0.019999999999999955
1.2372372372372373,1.0,-1.0,-1.0,-5.898059818321144e-17
1.2412412412412412,1.0,-1.0,-1.0,-5.204170427930421e-17
1.2452452452452452,1.0,-1.0,-1.0,-3.8163916471489756e-17
1.2492492492492493,1.0,-1.0,-1.0,-4.5102810375396984e-17
1.2532532532532532,-1.0,-1.0,1.0,-4.5102810375396984e-17
1.2572572572572573,-1.0,-1.0,1.0,-3.8163916471489756e-17
1.2612612612612613,-1.0,-1.0,1.0,-4.5102810375396984e-17
1.2652652652652652,-1.0,-1.0,1.0,-5.204170427930421e-17
1.2692692692692693,-1.0,-1.0,1.0,-0.020000000000000052
1.2732732732732732,-1.0,1.0,-1.0,-0.04000000000000005
1.2772772772772774,-1.0,1.0,-1.0,-0.06000000000000005
1.2812812812812813,-1.0,1.0,-1.0,-0.08000000000000004
1.2852852852852852,-1.0,1.0,-1.0,-0.10000000000000003
1.2892892892892893,-1.0,1.0,-1.0,-0.10000000000000003
1.2932932932932932,-1.0,1.0,-1.0,-0.10000000000000002
1.2972972972972974,-1.0,1.0,-1.0,-0.10000000000000005
1.3013013013013013,1.0,1.0,1.0,-0.10000000000000005
1.3053053053053052,1.0,1.0,1.0,-0.10000000000000005
1.3093093093093093,1.0,1.0,1.0,-0.10000000000000005
1.3133133133133132,1.0,1.0,1.0,-0.10000000000000003
1.3173173173173174,1.0,1.0,1.0,-0.12000000000000005
1.3213213213213213,1.0,-1.0,-1.0,-0.14000000000000007
1.3253253253253252,1.0,-1.0,-1.0,-0.1600000000000001
1.3293293293293293,1.0,-1.0,-1.0,-0.1800000000000001
1.3333333333333333,1.0,-1.0,-1.0,-0.1800000000000001
1.3373373373373374,1.0,-1.0,-1.0,-0.1800000000000001
1.3413413413413413,1.0,-1.0,-1.0,-0.18000000000000008
1.3453453453453452,1.0,-1.0,-1.0,-0.18000000000000005
1.3493493493493494,1.0,-1.0,-1.0,-0.18000000000000002
1.3533533533533533,-1.0,-1.0,1.0,-0.18
1.3573573573573574,-1.0,-1.0,1.0,-0.18
1.3613613613613613,-1.0,-1.0,1.0,-0.2
1.3653653653653655,-1.0,1.0,-1.0,-0.22000000000000003
1.3693693693693694,-1.0,1.0,-1.0,-0.24000000000000005
1.3733733733733733,-1.0,1.0,-1.0,-0.26000000000000006
1.3773773773773774,-1.0,1.0,-1.0,-0.26000000000000006
1.3813813813813813,-1.0,1.0,-1.0,-0.26000000000000006
1.3853853853853855,-1.0,1.0,-1.0,-0.26000000000000006
1.3893893893893894,-1.0,1.0,-1.0,-0.26000000000000006
1.3933933933933933,-1.0,1.0,-1.0,-0.26
1.3973973973973974,-1.0,1.0,-1.0,-0.26
1.4014014014014013,1.0,1.0,1.0,-0.26
1.4054054054054055,1.0,1.0,1.0,-0.27999999999999997
1.4094094094094094,1.0,-1.0,-1.0,-0.3
1.4134134134134133,1.0,-1.0,-1.0,-0.32
1.4174174174174174,1.0,-1.0,-1.0,-0.34
1.4214214214214214,1.0,-1.0,-1.0,-0.36000000000000004
1.4254254254254255,1.0,-1.0,-1.0,-0.36000000000000004
1.4294294294294294,1.0,-1.0,-1.0,-0.36000000000000004
1.4334334334334333,1.0,-1.0,-1.0,-0.36000000000000004
1.4374374374374375,1.0,-1.0,-1.0,-0.36000000000000004
1.4414414414414414,1.0,-1.0,-1.0,-0.36
1.4454454454454455,1.0,-1.0,-1.0,-0.36
1.4494494494494494,1.0,-1.0,-1.0,-0.36
1.4534534534534533,-1.0,-1.0,1.0,-0.3399999999999999
1.4574574574574575,-1.0,1.0,-1.0,-0.35999999999999993
1.4614614614614614,-1.0,1.0,-1.0,-0.38
1.4654654654654655,-1.0,1.0,-1.0,-0.4
1.4694694694694694,-1.0,1.0,-1.0,-0.39999999999999997
1.4734734734734736,-1.0,1.0,-1.0,-0.39999999999999997
1.4774774774774775,-1.0,1.0,-1.0,-0.4
1.4814814814814814,-1.0,1.0,-1.0,-0.4
1.4854854854854855,-1.0,1.0,-1.0,-0.39999999999999997
1.4894894894894894,-1.0,1.0,-1.0,-0.39999999999999997
1.4934934934934936,-1.0,1.0,-1.0,-0.39999999999999997
1.4974974974974975,-1.0,1.0,-1.0,-0.3799999999999999
1.5015015015015014,1.0,-1.0,-1.0,-0.3599999999999999
1.5055055055055055,1.0,-1.0,-1.0,-0.37999999999999995
1.5095095095095095,1.0,-1.0,-1.0,-0.4
1.5135135135135136,1.0,-1.0,-1.0,-0.39999999999999997
1.5175175175175175,1.0,-1.0,-1.0,-0.3999999999999999
1.5215215215215214,1.0,-1.0,-1.0,-0.39999999999999997
1.5255255255255256,1.0,-1.0,-1.0,-0.39999999999999997
1.5295295295295295,1.0,-1.0,-1.0,-0.3999999999999999
1.5335335335335336,1.0,-1.0,-1.0,-0.3999999999999999
1.5375375375375375,1.0,-1.0,-1.0,-0.3999999999999999
1.5415415415415414,1.0,-1.0,-1.0,-0.37999999999999995
1.5455455455455456,1.0,1.0,1.0,-0.35999999999999993
1.5495495495495495,1.0,1.0,1.0,-0.33999999999999986
1.5535535535535536,-1.0,1.0,-1.0,-0.3199999999999999
1.5575575575575575,-1.0,1.0,-1.0,-0.3399999999999999
1.5615615615615615,-1.0,1.0,-1.0,-0.3399999999999999
1.5655655655655656,-1.0,1.0,-1.0,-0.33999999999999997
1.5695695695695695,-1.0,1.0,-1.0,-0.33999999999999997
1.5735735735735736,-1.0,1.0,-1.0,-0.33999999999999997
1.5775775775775776,-1.0,1.0,-1.0,-0.33999999999999997
1.5815815815815815,-1.0,1.0,-1.0,-0.3399999999999999
1.5855855855855856,-1.0,1.0,-1.0,-0.3399999999999999
1.5895895895895895,-1.0,1.0,-1.0,-0.3199999999999999
1.5935935935935936,-1.0,-1.0,1.0,-0.2999999999999999
1.5975975975975976,-1.0,-1.0,1.0,-0.2799999999999999
1.6016016016016015,1.0,-1.0,-1.0,-0.2599999999999999
1.6056056056056056,1.0,-1.0,-1.0,-0.2599999999999999
1.6096096096096095,1.0,-1.0,-1.0,-0.2599999999999999
1.6136136136136137,1.0,-1.0,-1.0,-0.2599999999999999
1.6176176176176176,1.0,-1.0,-1.0,-0.2599999999999999
1.6216216216216217,1.0,-1.0,-1.0,-0.2599999999999999
1.6256256256256256,1.0,-1.0,-1.0,-0.2599999999999999
1.6296296296296295,1.0,-1.0,-1.0,-0.2599999999999999
1.6336336336336337,1.0,-1.0,-1.0,-0.23999999999999994
1.6376376376376376,1.0,1.0,1.0,-0.21999999999999992
1.6416416416416417,1.0,1.0,1.0,-0.1999999999999999
1.6456456456456456,1.0,1.0,1.0,-0.17999999999999988
1.6496496496496496,1.0,1.0,1.0,-0.1799999999999999
1.6536536536536537,-1.0,1.0,-1.0,-0.1599999999999999
1.6576576576576576,-1.0,1.0,-1.0,-0.15999999999999986
1.6616616616616617,-1.0,1.0,-1.0,-0.15999999999999986
1.6656656656656657,-1.0,1.0,-1.0,-0.15999999999999986
1.6696696696696696,-1.0,1.0,-1.0,-0.15999999999999986
1.6736736736736737,-1.0,1.0,-1.0,-0.15999999999999986
1.6776776776776776,-1.0,1.0,-1.0,-0.1399999999999999
1.6816816816816818,-1.0,1.0,-1.0,-0.1199999999999999
1.6856856856856857,-1.0,-1.0,1.0,-0.09999999999999991
1.6896896896896896,-1.0,-1.0,1.0,-0.07999999999999995
1.6936936936936937,-1.0,-1.0,1.0,-0.05999999999999998
1.6976976976976976,-1.0,-1.0,1.0,-0.05999999999999998
1.7017017017017018,1.0,-1.0,-1.0,-0.05999999999999996
1.7057057057057057,1.0,-1.0,-1.0,-0.05999999999999996
1.7097097097097096,1.0,-1.0,-1.0,-0.05999999999999996
1.7137137137137137,1.0,-1.0,-1.0,-0.05999999999999996
1.7177177177177176,1.0,-1.0,-1.0,-0.05999999999999996
1.7217217217217218,1.0,-1.0,-1.0,-0.05999999999999996
1.7257257257257257,1.0,-1.0,-1.0,-0.03999999999999996
1.7297297297297298,1.0,1.0,1.0,-0.019999999999999955
1.7337337337337337,1.0,1.0,1.0,4.5102810375396984e-17
1.7377377377377377,1.0,1.0,1.0,0.020000000000000052
1.7417417417417418,1.0,1.0,1.0,0.020000000000000046
1.7457457457457457,1.0,1.0,1.0,0.02000000000000004
1.7497497497497498,1.0,1.0,1.0,0.02000000000000004
1.7537537537537538,-1.0,1.0,-1.0,0.04000000000000004
1.7577577577577577,-1.0,1.0,-1.0,0.04000000000000004
1.7617617617617618,-1.0,1.0,-1.0,0.04000000000000004
1.7657657657657657,-1.0,1.0,-1.0,0.04000000000000005
1.7697697697697699,-1.0,1.0,-1.0,0.06000000000000005
1.7737737737737738,-1.0,-1.0,1.0,0.08000000000000004
1.7777777777777777,-1.0,-1.0,1.0,0.10000000000000003
1.7817817817817818,-1.0,-1.0,1.0,0.12000000000000002
1.7857857857857857,-1.0,-1.0,1.0,0.12000000000000004
1.7897897897897899,-1.0,-1.0,1.0,0.12000000000000004
1.7937937937937938,-1.0,-1.0,1.0,0.12000000000000004
1.7977977977977977,-1.0,-1.0,1.0,0.12000000000000004
1.8018018018018018,1.0,-1.0,-1.0,0.12000000000000004
1.8058058058058057,1.0,-1.0,-1.0,0.12000000000000004
1.8098098098098099,1.0,-1.0,-1.0,0.12000000000000006
1.8138138138138138,1.0,-1.0,-1.0,0.14000000000000004
1.8178178178178177,1.0,-1.0,-1.0,0.16000000000000006
1.8218218218218218,1.0,1.0,1.0,0.18000000000000008
1.8258258258258258,1.0,1.0,1.0,0.20000000000000007
1.82982982982983,1.0,1.0,1.0,0.22000000000000008
1.8338338338338338,1.0,1.0,1.0,0.22000000000000008
1.8378378378378377,1.0,1.0,1.0,0.22000000000000008
1.8418418418418419,1.0,1.0,1.0,0.22000000000000003
1.8458458458458458,1.0,1.0,1.0,0.22000000000000003
1.84984984984985,1.0,1.0,1.0,0.22000000000000003
1.8538538538538538,-1.0,1.0,-1.0,0.24
1.8578578578578577,-1.0,1.0,-1.0,0.24
1.8618618618618619,-1.0,1.0,-1.0,0.26
1.8658658658658658,-1.0,-1.0,1.0,0.28
1.86986986986987,-1.0,-1.0,1.0,0.30000000000000004
1.8738738738738738,-1.0,-1.0,1.0,0.32000000000000006
1.877877877877878,-1.0,-1.0,1.0,0.32000000000000006
1.8818818818818819,-1.0,-1.0,1.0,0.32000000000000006
1.8858858858858858,-1.0,-1.0,1.0,0.32000000000000006
1.88988988988989,-1.0,-1.0,1.0,0.32000000000000006
1.8938938938938938,-1.0,-1.0,1.0,0.32000000000000006
1.897897897897898,-1.0,-1.0,1.0,0.32
1.901901901901902,1.0,-1.0,-1.0,0.31999999999999995
1.9059059059059058,1.0,-1.0,-1.0,0.33999999999999997
1.90990990990991,1.0,1.0,1.0,0.36
1.9139139139139139,1.0,1.0,1.0,0.38
1.917917917917918,1.0,1.0,1.0,0.4
1.921921921921922,1.0,1.0,1.0,0.4
1.9259259259259258,1.0,1.0,1.0,0.4
1.92992992992993,1.0,1.0,1.0,0.4
1.9339339339339339,1.0,1.0,1.0,0.4
1.937937937937938,1.0,1.0,1.0,0.4
1.941941941941942,1.0,1.0,1.0,0.4
1.9459459459459458,1.0,1.0,1.0,0.39999999999999997
1.94994994994995,1.0,1.0,1.0,0.37999999999999995
1.9539539539539539,-1.0,1.0,-1.0,0.38
1.957957957957958,-1.0,-1.0,1.0,0.4
1.961961961961962,-1.0,-1.0,1.0,0.42
1.9659659659659658,-1.0,-1.0,1.0,0.43999999999999995
1.96996996996997,-1.0,-1.0,1.0,0.44
1.973973973973974,-1.0,-1.0,1.0,0.44
1.977977977977978,-1.0,-1.0,1.0,0.44
1.981981981981982,-1.0,-1.0,1.0,0.44
1.985985985985986,-1.0,-1.0,1.0,0.43999999999999995
1.98998998998999,-1.0,-1.0,1.0,0.43999999999999995
1.993993993993994,-1.0,-1.0,1.0,0.43999999999999995
1.997997997997998,-1.0,-1.0,1.0,0.41999999999999993
2.002002002002002,1.0,1.0,1.0,0.3999999999999999
2.006006006006006,1.0,1.0,1.0,0.41999999999999993
2.01001001001001,1.0,1.0,1.0,0.43999999999999995
2.014014014014014,1.0,1.0,1.0,0.43999999999999995
2.018018018018018,1.0,1.0,1.0,0.43999999999999995
2.022022022022022,1.0,1.0,1.0,0.43999999999999995
2.026026026026026,1.0,1.0,1.0,0.43999999999999995
2.03003003003003,1.0,1.0,1.0,0.43999999999999995
2.034034034034034,1.0,1.0,1.0,0.43999999999999995
2.038038038038038,1.0,1.0,1.0,0.43999999999999995
2.042042042042042,1.0,1.0,1.0,0.41999999999999993
2.046046046046046,1.0,-1.0,-1.0,0.3999999999999999
2.05005005005005,-1.0,-1.0,1.0,0.3799999999999999
2.054054054054054,-1.0,-1.0,1.0,0.37999999999999995
2.058058058058058,-1.0,-1.0,1.0,0.39999999999999997
2.062062062062062,-1.0,-1.0,1.0,0.3999999999999999
2.066066066066066,-1.0,-1.0,1.0,0.3999999999999999
2.07007007007007,-1.0,-1.0,1.0,0.3999999999999999
2.074074074074074,-1.0,-1.0,1.0,0.3999999999999999
2.078078078078078,-1.0,-1.0,1.0,0.39999999999999997
2.0820820820820822,-1.0,-1.0,1.0,0.39999999999999997
2.086086086086086,-1.0,-1.0,1.0,0.3999999999999999
2.09009009009009,-1.0,-1.0,1.0,0.3799999999999999
2.094094094094094,-1.0,1.0,-1.0,0.3599999999999999
2.098098098098098,-1.0,1.0,-1.0,0.3399999999999999
2.1021021021021022,1.0,1.0,1.0,0.31999999999999995
2.106106106106106,1.0,1.0,1.0,0.31999999999999995
2.11011011011011,1.0,1.0,1.0,0.31999999999999995
2.114114114114114,1.0,1.0,1.0,0.31999999999999995
2.118118118118118,1.0,1.0,1.0,0.31999999999999995
2.1221221221221223,1.0,1.0,1.0,0.31999999999999995
2.126126126126126,1.0,1.0,1.0,0.3199999999999999
2.13013013013013,1.0,1.0,1.0,0.3199999999999999
2.134134134134134,1.0,1.0,1.0,0.29999999999999993
2.138138138138138,1.0,-1.0,-1.0,0.2799999999999999
2.1421421421421423,1.0,-1.0,-1.0,0.2599999999999999
2.146146146146146,1.0,-1.0,-1.0,0.23999999999999988
2.15015015015015,-1.0,-1.0,1.0,0.23999999999999988
2.154154154154154,-1.0,-1.0,1.0,0.21999999999999992
2.158158158158158,-1.0,-1.0,1.0,0.21999999999999986
2.1621621621621623,-1.0,-1.0,1.0,0.21999999999999986
2.166166166166166,-1.0,-1.0,1.0,0.21999999999999992
2.17017017017017,-1.0,-1.0,1.0,0.21999999999999992
2.174174174174174,-1.0,-1.0,1.0,0.21999999999999992
2.178178178178178,-1.0,-1.0,1.0,0.1999999999999999
2.1821821821821823,-1.0,1.0,-1.0,0.17999999999999988
2.186186186186186,-1.0,1.0,-1.0,0.1599999999999999
2.19019019019019,-1.0,1.0,-1.0,0.13999999999999987
2.194194194194194,-1.0,1.0,-1.0,0.1199999999999999
2.1981981981981984,-1.0,1.0,-1.0,0.11999999999999993
2.2022022022022023,1.0,1.0,1.0,0.11999999999999993
2.206206206206206,1.0,1.0,1.0,0.11999999999999993
2.21021021021021,1.0,1.0,1.0,0.11999999999999993
2.214214214214214,1.0,1.0,1.0,0.11999999999999993
2.2182182182182184,1.0,1.0,1.0,0.11999999999999993
2.2222222222222223,1.0,1.0,1.0,0.11999999999999993
2.2262262262262262,1.0,1.0,1.0,0.09999999999999996
2.23023023023023,1.0,-1.0,-1.0,0.07999999999999997
2.234234234234234,1.0,-1.0,-1.0,0.05999999999999998
2.2382382382382384,1.0,-1.0,-1.0,0.03999999999999996
2.2422422422422423,1.0,-1.0,-1.0,0.03999999999999996
2.2462462462462462,1.0,-1.0,-1.0,0.03999999999999996
2.25025025025025,-1.0,-1.0,1.0,0.03999999999999995
2.254254254254254,-1.0,-1.0,1.0,0.01999999999999995
2.2582582582582584,-1.0,-1.0,1.0,0.019999999999999955
2.2622622622622623,-1.0,-1.0,1.0,0.019999999999999955
2.2662662662662663,-1.0,-1.0,1.0,0.01999999999999995
2.27027027027027,-1.0,-1.0,1.0,-5.204170427930421e-17
2.274274274274274,-1.0,1.0,-1.0,-0.020000000000000046
2.2782782782782784,-1.0,1.0,-1.0,-0.04000000000000005
2.2822822822822824,-1.0,1.0,-1.0,-0.06000000000000005
2.2862862862862863,-1.0,1.0,-1.0,-0.060000000000000046
2.29029029029029,-1.0,1.0,-1.0,-0.060000000000000046
2.294294294294294,-1.0,1.0,-1.0,-0.060000000000000046
2.2982982982982985,-1.0,1.0,-1.0,-0.060000000000000046
2.3023023023023024,1.0,1.0,1.0,-0.060000000000000046
2.3063063063063063,1.0,1.0,1.0,-0.060000000000000046
2.31031031031031,1.0,1.0,1.0,-0.060000000000000046
2.314314314314314,1.0,1.0,1.0,-0.08000000000000006
2.3183183183183185,1.0,-1.0,-1.0,-0.10000000000000006
2.3223223223223224,1.0,-1.0,-1.0,-0.12000000000000005
2.3263263263263263,1.0,-1.0,-1.0,-0.14000000000000007
2.33033033033033,1.0,-1.0,-1.0,-0.1600000000000001
2.334334334334334,1.0,-1.0,-1.0,-0.1600000000000001
2.3383383383383385,1.0,-1.0,-1.0,-0.1600000000000001
2.3423423423423424,1.0,-1.0,-1.0,-0.1600000000000001
2.3463463463463463,1.0,-1.0,-1.0,-0.16000000000000006
2.3503503503503502,-1.0,-1.0,1.0,-0.16000000000000003
2.354354354354354,-1.0,-1.0,1.0,-0.18000000000000005
2.3583583583583585,-1.0,-1.0,1.0,-0.18000000000000005
2.3623623623623624,-1.0,-1.0,1.0,-0.2
2.3663663663663663,-1.0,1.0,-1.0,-0.22000000000000003
2.3703703703703702,-1.0,1.0,-1.0,-0.24000000000000005
2.374374374374374,-1.0,1.0,-1.0,-0.26000000000000006
2.3783783783783785,-1.0,1.0,-1.0,-0.26000000000000006
2.3823823823823824,-1.0,1.0,-1.0,-0.26000000000000006
2.3863863863863863,-1.0,1.0,-1.0,-0.26000000000000006
2.3903903903903903,-1.0,1.0,-1.0,-0.26000000000000006
2.394394394394394,-1.0,1.0,-1.0,-0.26
2.3983983983983985,-1.0,1.0,-1.0,-0.26
2.4024024024024024,1.0,1.0,1.0,-0.26
2.4064064064064064,1.0,1.0,1.0,-0.27999999999999997
2.4104104104104103,1.0,-1.0,-1.0,-0.3
2.414414414414414,1.0,-1.0,-1.0,-0.32
2.4184184184184185,1.0,-1.0,-1.0,-0.34
2.4224224224224224,1.0,-1.0,-1.0,-0.34
2.4264264264264264,1.0,-1.0,-1.0,-0.34
2.4304304304304303,1.0,-1.0,-1.0,-0.34
2.4344344344344346,1.0,-1.0,-1.0,-0.34
2.4384384384384385,1.0,-1.0,-1.0,-0.34
2.4424424424424425,1.0,-1.0,-1.0,-0.33999999999999997
2.4464464464464464,1.0,-1.0,-1.0,-0.33999999999999997
2.4504504504504503,-1.0,-1.0,1.0,-0.31999999999999995
2.4544544544544546,-1.0,-1.0,1.0,-0.33999999999999997
2.4584584584584586,-1.0,1.0,-1.0,-0.36
2.4624624624624625,-1.0,1.0,-1.0,-0.38
2.4664664664664664,-1.0,1.0,-1.0,-0.4
2.4704704704704703,-1.0,1.0,-1.0,-0.4
2.4744744744744747,-1.0,1.0,-1.0,-0.4
2.4784784784784786,-1.0,1.0,-1.0,-0.4
2.4824824824824825,-1.0,1.0,-1.0,-0.4
2.4864864864864864,-1.0,1.0,-1.0,-0.4
2.4904904904904903,-1.0,1.0,-1.0,-0.4
2.4944944944944947,-1.0,1.0,-1.0,-0.39999999999999997
2.4984984984984986,-1.0,1.0,-1.0,-0.3799999999999999
2.5025025025025025,1.0,-1.0,-1.0,-0.3599999999999999
2.5065065065065064,1.0,-1.0,-1.0,-0.3799999999999999
2.5105105105105103,1.0,-1.0,-1.0,-0.39999999999999997
2.5145145145145147,1.0,-1.0,-1.0,-0.39999999999999997
2.5185185185185186,1.0,-1.0,-1.0,-0.3999999999999999
2.5225225225225225,1.0,-1.0,-1.0,-0.39999999999999997
2.5265265265265264,1.0,-1.0,-1.0,-0.4
2.5305305305305303,1.0,-1.0,-1.0,-0.39999999999999997
2.5345345345345347,1.0,-1.0,-1.0,-0.3999999999999999
2.5385385385385386,1.0,-1.0,-1.0,-0.3999999999999999
2.5425425425425425,1.0,-1.0,-1.0,-0.37999999999999995
2.5465465465465464,1.0,1.0,1.0,-0.35999999999999993
2.5505505505505504,-1.0,1.0,-1.0,-0.3399999999999999
2.5545545545545547,-1.0,1.0,-1.0,-0.35999999999999993
2.5585585585585586,-1.0,1.0,-1.0,-0.35999999999999993
2.5625625625625625,-1.0,1.0,-1.0,-0.35999999999999993
2.5665665665665665,-1.0,1.0,-1.0,-0.35999999999999993
2.5705705705705704,-1.0,1.0,-1.0,-0.35999999999999993
2.5745745745745747,-1.0,1.0,-1.0,-0.35999999999999993
2.5785785785785786,-1.0,1.0,-1.0,-0.35999999999999993
2.5825825825825826,-1.0,1.0,-1.0,-0.35999999999999993
2.5865865865865865,-1.0,1.0,-1.0,-0.3399999999999999
2.5905905905905904,-1.0,1.0,-1.0,-0.3199999999999999
2.5945945945945947,-1.0,-1.0,1.0,-0.29999999999999993
2.5985985985985987,-1.0,-1.0,1.0,-0.2799999999999999
2.6026026026026026,1.0,-1.0,-1.0,-0.2599999999999999
2.6066066066066065,1.0,-1.0,-1.0,-0.2599999999999999
2.6106106106106104,1.0,-1.0,-1.0,-0.2599999999999999
2.6146146146146148,1.0,-1.0,-1.0,-0.2599999999999999
2.6186186186186187,1.0,-1.0,-1.0,-0.2599999999999999
2.6226226226226226,1.0,-1.0,-1.0,-0.2599999999999999
2.6266266266266265,1.0,-1.0,-1.0,-0.2599999999999999
2.6306306306306304,1.0,-1.0,-1.0,-0.2599999999999999
2.6346346346346348,1.0,-1.0,-1.0,-0.23999999999999988
2.6386386386386387,1.0,1.0,1.0,-0.21999999999999986
2.6426426426426426,1.0,1.0,1.0,-0.19999999999999984
2.6466466466466465,1.0,1.0,1.0,-0.17999999999999988
2.6506506506506504,-1.0,1.0,-1.0,-0.1799999999999999
2.6546546546546548,-1.0,1.0,-1.0,-0.1799999999999999
2.6586586586586587,-1.0,1.0,-1.0,-0.1799999999999999
2.6626626626626626,-1.0,1.0,-1.0,-0.1799999999999999
2.6666666666666665,-1.0,1.0,-1.0,-0.17999999999999988
2.6706706706706704,-1.0,1.0,-1.0,-0.17999999999999988
2.674674674674675,-1.0,1.0,-1.0,-0.17999999999999988
2.6786786786786787,-1.0,1.0,-1.0,-0.15999999999999986
2.6826826826826826,-1.0,-1.0,1.0,-0.13999999999999985
2.6866866866866865,-1.0,-1.0,1.0,-0.11999999999999987
2.6906906906906904,-1.0,-1.0,1.0,-0.09999999999999991
2.694694694694695,-1.0,-1.0,1.0,-0.09999999999999994
2.6986986986986987,-1.0,-1.0,1.0,-0.09999999999999996
2.7027027027027026,1.0,-1.0,-1.0,-0.09999999999999996
2.7067067067067065,1.0,-1.0,-1.0,-0.09999999999999996
2.710710710710711,1.0,-1.0,-1.0,-0.09999999999999996
2.714714714714715,1.0,-1.0,-1.0,-0.09999999999999996
2.7187187187187187,1.0,-1.0,-1.0,-0.09999999999999996
2.7227227227227226,1.0,-1.0,-1.0,-0.07999999999999997
2.7267267267267266,1.0,-1.0,-1.0,-0.05999999999999996
2.730730730730731,1.0,1.0,1.0,-0.03999999999999997
2.734734734734735,1.0,1.0,1.0,-0.01999999999999997
2.7387387387387387,1.0,1.0,1.0,5.898059818321144e-17
2.7427427427427427,1.0,1.0,1.0,5.204170427930421e-17
2.7467467467467466,1.0,1.0,1.0,3.8163916471489756e-17
2.750750750750751,-1.0,1.0,-1.0,4.5102810375396984e-17
2.754754754754755,-1.0,1.0,-1.0,4.5102810375396984e-17
2.7587587587587588,-1.0,1.0,-1.0,4.163336342344337e-17
2.7627627627627627,-1.0,1.0,-1.0,4.5102810375396984e-17
2.7667667667667666,-1.0,1.0,-1.0,4.5102810375396984e-17
2.770770770770771,-1.0,1.0,-1.0,0.020000000000000046
2.774774774774775,-1.0,-1.0,1.0,0.04000000000000004
2.7787787787787788,-1.0,-1.0,1.0,0.060000000000000046
2.7827827827827827,-1.0,-1.0,1.0,0.08000000000000004
2.7867867867867866,-1.0,-1.0,1.0,0.08000000000000004
2.790790790790791,-1.0,-1.0,1.0,0.08000000000000003
2.794794794794795,-1.0,-1.0,1.0,0.08000000000000003
2.798798798798799,-1.0,-1.0,1.0,0.08000000000000004
2.8028028028028027,1.0,-1.0,-1.0,0.08000000000000006
2.8068068068068066,1.0,-1.0,-1.0,0.08000000000000006
2.810810810810811,1.0,-1.0,-1.0,0.08000000000000006
2.814814814814815,1.0,-1.0,-1.0,0.10000000000000005
2.818818818818819,1.0,1.0,1.0,0.12000000000000005
2.8228228228228227,1.0,1.0,1.0,0.14000000000000007
2.8268268268268266,1.0,1.0,1.0,0.1600000000000001
2.830830830830831,1.0,1.0,1.0,0.1800000000000001
2.834834834834835,1.0,1.0,1.0,0.1800000000000001
2.838838838838839,1.0,1.0,1.0,0.1800000000000001
2.8428428428428427,1.0,1.0,1.0,0.18000000000000008
2.8468468468468466,1.0,1.0,1.0,0.18000000000000005
2.850850850850851,-1.0,1.0,-1.0,0.18000000000000005
2.854854854854855,-1.0,1.0,-1.0,0.18000000000000005
2.858858858858859,-1.0,1.0,-1.0,0.18000000000000005
2.8628628628628627,-1.0,1.0,-1.0,0.2
2.8668668668668666,-1.0,-1.0,1.0,0.22000000000000003
2.870870870870871,-1.0,-1.0,1.0,0.24000000000000005
2.874874874874875,-1.0,-1.0,1.0,0.26000000000000006
2.878878878878879,-1.0,-1.0,1.0,0.26000000000000006
2.8828828828828827,-1.0,-1.0,1.0,0.26000000000000006
2.8868868868868867,-1.0,-1.0,1.0,0.26000000000000006
2.890890890890891,-1.0,-1.0,1.0,0.26000000000000006
2.894894894894895,-1.0,-1.0,1.0,0.26
2.898898898898899,-1.0,-1.0,1.0,0.26
2.9029029029029028,1.0,-1.0,-1.0,0.26
2.9069069069069067,1.0,-1.0,-1.0,0.27999999999999997
2.910910910910911,1.0,1.0,1.0,0.3
2.914914914914915,1.0,1.0,1.0,0.32
2.918918918918919,1.0,1.0,1.0,0.34
2.9229229229229228,1.0,1.0,1.0,0.34
2.9269269269269267,1.0,1.0,1.0,0.34
2.930930930930931,1.0,1.0,1.0,0.34
2.934934934934935,1.0,1.0,1.0,0.34
2.938938938938939,1.0,1.0,1.0,0.34
2.942942942942943,1.0,1.0,1.0,0.34
2.946946946946947,1.0,1.0,1.0,0.33999999999999997
2.950950950950951,-1.0,1.0,-1.0,0.31999999999999995
2.954954954954955,-1.0,-1.0,1.0,0.33999999999999997
2.958958958958959,-1.0,-1.0,1.0,0.36
2.962962962962963,-1.0,-1.0,1.0,0.38
2.966966966966967,-1.0,-1.0,1.0,0.4
2.970970970970971,-1.0,-1.0,1.0,0.4
2.974974974974975,-1.0,-1.0,1.0,0.4
2.978978978978979,-1.0,-1.0,1.0,0.4
2.982982982982983,-1.0,-1.0,1.0,0.4
2.986986986986987,-1.0,-1.0,1.0,0.4
2.990990990990991,-1.0,-1.0,1.0,0.39999999999999997
2.994994994994995,-1.0,-1.0,1.0,0.3999999999999999
2.998998998998999,-1.0,-1.0,1.0,0.3799999999999999
3.003003003003003,1.0,1.0,1.0,0.3599999999999999
3.007007007007007,1.0,1.0,1.0,0.3799999999999999
3.011011011011011,1.0,1.0,1.0,0.39999999999999997
3.015015015015015,1.0,1.0,1.0,0.39999999999999997
3.019019019019019,1.0,1.0,1.0,0.3999999999999999
3.023023023023023,1.0,1.0,1.0,0.3999999999999999
3.027027027027027,1.0,1.0,1.0,0.39999999999999997
3.031031031031031,1.0,1.0,1.0,0.39999999999999997
3.035035035035035,1.0,1.0,1.0,0.3999999999999999
3.039039039039039,1.0,1.0,1.0,0.3999999999999999
3.043043043043043,1.0,1.0,1.0,0.37999999999999995
3.047047047047047,1.0,-1.0,-1.0,0.35999999999999993
3.051051051051051,-1.0,-1.0,1.0,0.3399999999999999
3.055055055055055,-1.0,-1.0,1.0,0.35999999999999993
3.059059059059059,-1.0,-1.0,1.0,0.35999999999999993
3.063063063063063,-1.0,-1.0,1.0,0.35999999999999993
3.067067067067067,-1.0,-1.0,1.0,0.35999999999999993
3.071071071071071,-1.0,-1.0,1.0,0.35999999999999993
3.075075075075075,-1.0,-1.0,1.0,0.35999999999999993
3.079079079079079,-1.0,-1.0,1.0,0.35999999999999993
3.083083083083083,-1.0,-1.0,1.0,0.35999999999999993
3.0870870870870872,-1.0,-1.0,1.0,0.3399999999999999
3.091091091091091,-1.0,1.0,-1.0,0.3199999999999999
3.095095095095095,-1.0,1.0,-1.0,0.29999999999999993
3.099099099099099,-1.0,1.0,-1.0,0.2799999999999999
3.103103103103103,1.0,1.0,1.0,0.2599999999999999
3.1071071071071072,1.0,1.0,1.0,0.2599999999999999
3.111111111111111,1.0,1.0,1.0,0.2599999999999999
3.115115115115115,1.0,1.0,1.0,0.2599999999999999
3.119119119119119,1.0,1.0,1.0,0.2599999999999999
3.123123123123123,1.0,1.0,1.0,0.2599999999999999
3.1271271271271273,1.0,1.0,1.0,0.2599999999999999
3.131131131131131,1.0,1.0,1.0,0.2599999999999999
3.135135135135135,1.0,1.0,1.0,0.23999999999999988
3.139139139139139,1.0,-1.0,-1.0,0.21999999999999986
3.143143143143143,1.0,-1.0,-1.0,0.19999999999999984
3.1471471471471473,1.0,-1.0,-1.0,0.17999999999999988
3.151151151151151,-1.0,-1.0,1.0,0.17999999999999988
3.155155155155155,-1.0,-1.0,1.0,0.17999999999999988
3.159159159159159,-1.0,-1.0,1.0,0.17999999999999988
3.163163163163163,-1.0,-1.0,1.0,0.17999999999999988
3.1671671671671673,-1.0,-1.0,1.0,0.17999999999999988
3.171171171171171,-1.0,-1.0,1.0,0.17999999999999988
3.175175175175175,-1.0,-1.0,1.0,0.17999999999999988
3.179179179179179,-1.0,-1.0,1.0,0.15999999999999986
3.183183183183183,-1.0,1.0,-1.0,0.13999999999999985
3.1871871871871873,-1.0,1.0,-1.0,0.11999999999999987
3.191191191191191,-1.0,1.0,-1.0,0.09999999999999991
3.195195195195195,-1.0,1.0,-1.0,0.09999999999999994
3.199199199199199,-1.0,1.0,-1.0,0.09999999999999996
3.203203203203203,1.0,1.0,1.0,0.09999999999999996
3.2072072072072073,1.0,1.0,1.0,0.09999999999999996
3.2112112112112112,1.0,1.0,1.0,0.09999999999999996
3.215215215215215,1.0,1.0,1.0,0.09999999999999996
3.219219219219219,1.0,1.0,1.0,0.09999999999999996
3.2232232232232234,1.0,1.0,1.0,0.07999999999999997
3.2272272272272273,1.0,1.0,1.0,0.05999999999999996
3.2312312312312312,1.0,-1.0,-1.0,0.03999999999999996
3.235235235235235,1.0,-1.0,-1.0,0.019999999999999955
3.239239239239239,1.0,-1.0,-1.0,-5.898059818321144e-17
3.2432432432432434,1.0,-1.0,-1.0,-5.204170427930421e-17
3.2472472472472473,1.0,-1.0,-1.0,-3.8163916471489756e-17
3.2512512512512513,-1.0,-1.0,1.0,-4.5102810375396984e-17
3.255255255255255,-1.0,-1.0,1.0,-4.5102810375396984e-17
3.259259259259259,-1.0,-1.0,1.0,-4.163336342344337e-17
3.2632632632632634,-1.0,-1.0,1.0,-5.204170427930421e-17
3.2672672672672673,-1.0,-1.0,1.0,-5.204170427930421e-17
3.2712712712712713,-1.0,-1.0,1.0,-0.020000000000000052
3.275275275275275,-1.0,1.0,-1.0,-0.04000000000000005
3.279279279279279,-1.0,1.0,-1.0,-0.06000000000000005
3.2832832832832834,-1.0,1.0,-1.0,-0.08000000000000004
3.2872872872872874,-1.0,1.0,-1.0,-0.08000000000000004
3.2912912912912913,-1.0,1.0,-1.0,-0.08000000000000003
3.295295295295295,-1.0,1.0,-1.0,-0.08000000000000003
3.299299299299299,-1.0,1.0,-1.0,-0.08000000000000004
3.3033033033033035,1.0,1.0,1.0,-0.08000000000000006
3.3073073073073074,1.0,1.0,1.0,-0.08000000000000006
3.3113113113113113,1.0,1.0,1.0,-0.08000000000000006
3.315315315315315,1.0,1.0,1.0,-0.10000000000000005
3.319319319319319,1.0,-1.0,-1.0,-0.12000000000000005
3.3233233233233235,1.0,-1.0,-1.0,-0.14000000000000007
3.3273273273273274,1.0,-1.0,-1.0,-0.1600000000000001
3.3313313313313313,1.0,-1.0,-1.0,-0.1600000000000001
3.335335335335335,1.0,-1.0,-1.0,-0.1600000000000001
3.339339339339339,1.0,-1.0,-1.0,-0.1600000000000001
3.3433433433433435,1.0,-1.0,-1.0,-0.16000000000000006
3.3473473473473474,1.0,-1.0,-1.0,-0.16000000000000003
3.3513513513513513,-1.0,-1.0,1.0,-0.16000000000000003
3.3553553553553552,-1.0,-1.0,1.0,-0.16000000000000003
3.359359359359359,-1.0,-1.0,1.0,-0.18000000000000002
3.3633633633633635,-1.0,-1.0,1.0,-0.20000000000000004
3.3673673673673674,-1.0,1.0,-1.0,-0.22000000000000003
3.3713713713713713,-1.0,1.0,-1.0,-0.24000000000000005
3.3753753753753752,-1.0,1.0,-1.0,-0.26000000000000006
3.379379379379379,-1.0,1.0,-1.0,-0.26000000000000006
3.3833833833833835,-1.0,1.0,-1.0,-0.26000000000000006
3.3873873873873874,-1.0,1.0,-1.0,-0.26
3.3913913913913913,-1.0,1.0,-1.0,-0.26
3.3953953953953953,-1.0,1.0,-1.0,-0.26
3.399399399399399,-1.0,1.0,-1.0,-0.26
3.4034034034034035,1.0,1.0,1.0,-0.26
3.4074074074074074,1.0,1.0,1.0,-0.28
3.4114114114114114,1.0,-1.0,-1.0,-0.30000000000000004
3.4154154154154153,1.0,-1.0,-1.0,-0.32
3.419419419419419,1.0,-1.0,-1.0,-0.33999999999999997
3.4234234234234235,1.0,-1.0,-1.0,-0.34
3.4274274274274275,1.0,-1.0,-1.0,-0.34
3.4314314314314314,1.0,-1.0,-1.0,-0.33999999999999997
3.4354354354354353,1.0,-1.0,-1.0,-0.33999999999999997
3.439439439439439,1.0,-1.0,-1.0,-0.33999999999999997
3.4434434434434436,1.0,-1.0,-1.0,-0.33999999999999997
3.4474474474474475,1.0,-1.0,-1.0,-0.33999999999999997
3.4514514514514514,-1.0,-1.0,1.0,-0.31999999999999995
3.4554554554554553,-1.0,1.0,-1.0,-0.33999999999999997
3.4594594594594597,-1.0,1.0,-1.0,-0.36
3.4634634634634636,-1.0,1.0,-1.0,-0.38
3.4674674674674675,-1.0,1.0,-1.0,-0.38
3.4714714714714714,-1.0,1.0,-1.0,-0.38
3.4754754754754753,-1.0,1.0,-1.0,-0.38
3.4794794794794797,-1.0,1.0,-1.0,-0.38
3.4834834834834836,-1.0,1.0,-1.0,-0.38
3.4874874874874875,-1.0,1.0,-1.0,-0.37999999999999995
3.4914914914914914,-1.0,1.0,-1.0,-0.3799999999999999
3.4954954954954953,-1.0,1.0,-1.0,-0.35999999999999993
3.4994994994994997,-1.0,1.0,-1.0,-0.33999999999999997
3.5035035035035036,1.0,-1.0,-1.0,-0.31999999999999995
3.5075075075075075,1.0,-1.0,-1.0,-0.33999999999999997
3.5115115115115114,1.0,-1.0,-1.0,-0.36
3.5155155155155153,1.0,-1.0,-1.0,-0.36
3.5195195195195197,1.0,-1.0,-1.0,-0.36
3.5235235235235236,1.0,-1.0,-1.0,-0.35999999999999993
3.5275275275275275,1.0,-1.0,-1.0,-0.36
3.5315315315315314,1.0,-1.0,-1.0,-0.36
3.5355355355355353,1.0,-1.0,-1.0,-0.36
3.5395395395395397,1.0,-1.0,-1.0,-0.35999999999999993
3.5435435435435436,1.0,-1.0,-1.0,-0.33999999999999997
3.5475475475475475,1.0,1.0,1.0,-0.31999999999999995
3.5515515515515514,-1.0,1.0,-1.0,-0.29999999999999993
3.5555555555555554,-1.0,1.0,-1.0,-0.31999999999999995
3.5595595595595597,-1.0,1.0,-1.0,-0.31999999999999995
3.5635635635635636,-1.0,1.0,-1.0,-0.31999999999999995
3.5675675675675675,-1.0,1.0,-1.0,-0.31999999999999995
3.5715715715715715,-1.0,1.0,-1.0,-0.31999999999999995
3.5755755755755754,-1.0,1.0,-1.0,-0.31999999999999995
3.5795795795795797,-1.0,1.0,-1.0,-0.31999999999999995
3.5835835835835836,-1.0,1.0,-1.0,-0.31999999999999995
3.5875875875875876,-1.0,1.0,-1.0,-0.29999999999999993
3.5915915915915915,-1.0,-1.0,1.0,-0.2799999999999999
3.5955955955955954,-1.0,-1.0,1.0,-0.2599999999999999
3.5995995995995997,-1.0,-1.0,1.0,-0.23999999999999988
3.6036036036036037,1.0,-1.0,-1.0,-0.23999999999999988
3.6076076076076076,1.0,-1.0,-1.0,-0.2499999999999999
3.6116116116116115,1.0,-1.0,-1.0,-0.2599999999999999
3.6156156156156154,1.0,-1.0,-1.0,-0.2699999999999999
3.6196196196196198,1.0,-1.0,-1.0,-0.2799999999999999
3.6236236236236237,1.0,-1.0,-1.0,-0.2899999999999999
3.6276276276276276,1.0,-1.0,-1.0,-0.3
3.6316316316316315,1.0,-1.0,-1.0,-0.31
3.6356356356356354,1.0,-1.0,-1.0,-0.29999999999999993
3.6396396396396398,1.0,1.0,1.0,-0.2899999999999999
3.6436436436436437,1.0,1.0,1.0,-0.2799999999999999
3.6476476476476476,1.0,1.0,1.0,-0.2699999999999999
3.6516516516516515,-1.0,1.0,-1.0,-0.2599999999999999
3.6556556556556554,-1.0,1.0,-1.0,-0.2699999999999999
3.65965965965966,-1.0,1.0,-1.0,-0.2799999999999999
3.6636636636636637,-1.0,1.0,-1.0,-0.2899999999999999
3.6676676676676676,-1.0,1.0,-1.0,-0.29999999999999993
3.6716716716716715,-1.0,1.0,-1.0,-0.30999999999999994
3.6756756756756754,-1.0,1.0,-1.0,-0.31999999999999995
3.67967967967968,-1.0,1.0,-1.0,-0.30999999999999994
3.6836836836836837,-1.0,-1.0,1.0,-0.29999999999999993
3.6876876876876876,-1.0,-1.0,1.0,-0.2899999999999999
3.6916916916916915,-1.0,-1.0,1.0,-0.27999999999999997
3.6956956956956954,-1.0,-1.0,1.0,-0.26999999999999996
3.6996996996997,-1.0,-1.0,1.0,-0.25999999999999995
3.7037037037037037,1.0,-1.0,-1.0,-0.2499999999999999
3.7077077077077076,1.0,-1.0,-1.0,-0.2599999999999999
3.7117117117117115,1.0,-1.0,-1.0,-0.2699999999999999
3.7157157157157155,1.0,-1.0,-1.0,-0.2799999999999999
3.71971971971972,1.0,-1.0,-1.0,-0.2899999999999999
3.7237237237237237,1.0,-1.0,-1.0,-0.2799999999999999
3.7277277277277276,1.0,1.0,1.0,-0.2699999999999999
3.7317317317317316,1.0,1.0,1.0,-0.2599999999999999
3.735735735735736,1.0,1.0,1.0,-0.2499999999999999
3.73973973973974,1.0,1.0,1.0,-0.23999999999999994
3.7437437437437437,1.0,1.0,1.0,-0.22999999999999998
3.7477477477477477,1.0,1.0,1.0,-0.21999999999999997
3.7517517517517516,-1.0,1.0,-1.0,-0.20999999999999996
3.755755755755756,-1.0,1.0,-1.0,-0.21999999999999997
3.75975975975976,-1.0,1.0,-1.0,-0.22999999999999998
3.7637637637637638,-1.0,1.0,-1.0,-0.23999999999999996
3.7677677677677677,-1.0,1.0,-1.0,-0.2499999999999999
3.7717717717717716,-1.0,1.0,-1.0,-0.23999999999999988
3.775775775775776,-1.0,-1.0,1.0,-0.22999999999999987
3.77977977977978,-1.0,-1.0,1.0,-0.21999999999999986
3.7837837837837838,-1.0,-1.0,1.0,-0.20999999999999985
3.7877877877877877,-1.0,-1.0,1.0,-0.1999999999999999
3.7917917917917916,-1.0,-1.0,1.0,-0.18999999999999995
3.795795795795796,-1.0,-1.0,1.0,-0.17999999999999994
3.7997997997998,-1.0,-1.0,1.0,-0.16999999999999993
3.803803803803804,1.0,-1.0,-1.0,-0.15999999999999992
3.8078078078078077,1.0,-1.0,-1.0,-0.16999999999999993
3.8118118118118116,1.0,-1.0,-1.0,-0.17999999999999994
3.815815815815816,1.0,-1.0,-1.0,-0.16999999999999996
3.81981981981982,1.0,1.0,1.0,-0.15999999999999998
3.823823823823824,1.0,1.0,1.0,-0.14999999999999997
3.8278278278278277,1.0,1.0,1.0,-0.13999999999999996
3.8318318318318316,1.0,1.0,1.0,-0.12999999999999987
3.835835835835836,1.0,1.0,1.0,-0.1199999999999999
3.83983983983984,1.0,1.0,1.0,-0.1099999999999999
3.843843843843844,1.0,1.0,1.0,-0.09999999999999991
3.8478478478478477,1.0,1.0,1.0,-0.08999999999999991
3.8518518518518516,-1.0,1.0,-1.0,-0.07999999999999995
3.855855855855856,-1.0,1.0,-1.0,-0.08999999999999994
3.85985985985986,-1.0,1.0,-1.0,-0.07999999999999997
3.863863863863864,-1.0,-1.0,1.0,-0.06999999999999999
3.8678678678678677,-1.0,-1.0,1.0,-0.05999999999999999
3.8718718718718717,-1.0,-1.0,1.0,-0.04999999999999996
3.875875875875876,-1.0,-1.0,1.0,-0.03999999999999995
3.87987987987988,-1.0,-1.0,1.0,-0.02999999999999995
3.883883883883884,-1.0,-1.0,1.0,-0.019999999999999952
3.8878878878878878,-1.0,-1.0,1.0,-0.009999999999999952
3.8918918918918917,-1.0,-1.0,1.0,3.469446951953614e-17
3.895895895895896,-1.0,-1.0,1.0,0.010000000000000031
3.8998998998999,-1.0,-1.0,1.0,0.020000000000000046
3.903903903903904,1.0,-1.0,-1.0,0.030000000000000034
3.9079079079079078,1.0,-1.0,-1.0,0.04000000000000003
3.9119119119119117,1.0,1.0,1.0,0.05000000000000003
3.915915915915916,1.0,1.0,1.0,0.06000000000000002
3.91991991991992,1.0,1.0,1.0,0.07000000000000002
3.923923923923924,1.0,1.0,1.0,0.08000000000000002
3.9279279279279278,1.0,1.0,1.0,0.09000000000000001
3.9319319319319317,1.0,1.0,1.0,0.09999999999999999
3.935935935935936,1.0,1.0,1.0,0.11
3.93993993993994,1.0,1.0,1.0,0.12000000000000001
3.943943943943944,1.0,1.0,1.0,0.13000000000000003
3.947947947947948,1.0,1.0,1.0,0.14
3.9519519519519517,-1.0,1.0,-1.0,0.13
3.955955955955956,-1.0,-1.0,1.0,0.13999999999999999
3.95995995995996,-1.0,-1.0,1.0,0.15
3.963963963963964,-1.0,-1.0,1.0,0.16
3.967967967967968,-1.0,-1.0,1.0,0.17
3.971971971971972,-1.0,-1.0,1.0,0.18000000000000002
3.975975975975976,-1.0,-1.0,1.0,0.19000000000000006
3.97997997997998,-1.0,-1.0,1.0,0.20000000000000007
3.983983983983984,-1.0,-1.0,1.0,0.21000000000000008
3.987987987987988,-1.0,-1.0,1.0,0.22000000000000006
3.991991991991992,-1.0,-1.0,1.0,0.23000000000000004
3.995995995995996,-1.0,-1.0,1.0,0.22000000000000003
4.0,1.0,-1.0,-1.0,0.21000000000000002
