1.00000000000000e+001,-6.00377094152529e+000 ,-3.60961913157338e+000°,-5.40783577187574e+001 ,1.76372762293146e+002°,-3.00397299067296e+001 ,-9.36134831638244e+001°
1.02305972984251e+001,-6.00297412424787e+000 ,-3.69330924729227e+000°,-5.36813926188637e+001 ,1.76289488778829e+002°,-2.98409132888808e+001 ,-9.36970784223583e+001°
1.04665121082543e+001,-6.00214029476916e+000 ,-3.77896137452335e+000°,-5.32843962451487e+001 ,1.76204244288728e+002°,-2.96420596588089e+001 ,-9.37826376514698e+001°
1.07078670498640e+001,-6.00126774186358e+000 ,-3.86662303834080e+000°,-5.28873666305194e+001 ,1.76116981511185e+002°,-2.94431673052912e+001 ,-9.38702083279467e+001°
1.09547875712233e+001,-6.00035467596861e+000 ,-3.95634302202636e+000°,-5.24903017409611e+001 ,1.76027651871685e+002°,-2.92442344387681e+001 ,-9.39598391877759e+001°
1.12074020130978e+001,-5.99939922567566e+000 ,-4.04817140766526e+000°,-5.20931994715225e+001 ,1.75936205492380e+002°,-2.90452591878336e+001 ,-9.40515802667177e+001°
1.14658416757562e+001,-5.99839943407186e+000 ,-4.14215961850933e+000°,-5.16960576421778e+001 ,1.75842591149826e+002°,-2.88462395955779e+001 ,-9.41454829426426e+001°
1.17302408872161e+001,-5.99735325492666e+000 ,-4.23836046320813e+000°,-5.12988739935336e+001 ,1.75746756230871e+002°,-2.86471736157729e+001 ,-9.42415999797421e+001°
1.20007370730629e+001,-5.99625854871801e+000 ,-4.33682818201587e+000°,-5.09016461824220e+001 ,1.75648646686557e+002°,-2.84480591088996e+001 ,-9.43399855747054e+001°
1.22774708278787e+001,-5.99511307849220e+000 ,-4.43761849508892e+000°,-5.05043717773328e+001 ,1.75548206983917e+002°,-2.82488938380068e+001 ,-9.44406954050020e+001°
1.25605859883189e+001,-5.99391450555149e+000 ,-4.54078865299649e+000°,-5.01070482536948e+001 ,1.75445380055574e+002°,-2.80496754643996e+001 ,-9.45437866793671e+001°
1.28502297078731e+001,-5.99266038496369e+000 ,-4.64639748957546e+000°,-4.97096729889954e+001 ,1.75340107246983e+002°,-2.78504015431486e+001 ,-9.46493181906341e+001°
1.31465525333508e+001,-5.99134816088767e+000 ,-4.75450547726933e+000°,-4.93122432577405e+001 ,1.75232328261194e+002°,-2.76510695184152e+001 ,-9.47573503710514e+001°
1.34497084831302e+001,-5.98997516170882e+000 ,-4.86517478510041e+000°,-4.89147562262321e+001 ,1.75121981100966e+002°,-2.74516767185878e+001 ,-9.48679453502370e+001°
1.37598551272117e+001,-5.98853859497835e+000 ,-4.97846933943524e+000°,-4.85172089471737e+001 ,1.75009002008106e+002°,-2.72522203512201e+001 ,-9.49811670159212e+001°
1.40771536691173e+001,-5.98703554215050e+000 ,-5.09445488771370e+000°,-4.81195983540813e+001 ,1.74893325399821e+002°,-2.70526974977694e+001 ,-9.50970810776549e+001°
1.44017690296786e+001,-5.98546295311164e+000 ,-5.21319906532460e+000°,-4.77219212555063e+001 ,1.74774883801933e+002°,-2.68531051081247e+001 ,-9.52157551336659e+001°
1.47338699327572e+001,-5.98381764049544e+000 ,-5.33477146582269e+000°,-4.73241743290553e+001 ,1.74653607778755e+002°,-2.66534399949226e+001 ,-9.53372587410588e+001°
1.50736289929412e+001,-5.98209627377831e+000 ,-5.45924371469625e+000°,-4.69263541152063e+001 ,1.74529425859401e+002°,-2.64536988276425e+001 ,-9.54616634895632e+001°
1.54212228052647e+001,-5.98029537314934e+000 ,-5.58668954690859e+000°,-4.65284570109057e+001 ,1.74402264460333e+002°,-2.62538781264762e+001 ,-9.55890430790505e+001°
1.57768320369952e+001,-5.97841130314992e+000 ,-5.71718488845297e+000°,-4.61304792629541e+001 ,1.74272047803882e+002°,-2.60539742559683e+001 ,-9.57194734010798e+001°
1.61406415215389e+001,-5.97644026607737e+000 ,-5.85080794217697e+000°,-4.57324169611670e+001 ,1.74138697832505e+002°,-2.58539834184192e+001 ,-9.58530326246982e+001°
1.65128403545104e+001,-5.97437829514831e+000 ,-5.98763927815078e+000°,-4.53342660312967e+001 ,1.74002134118497e+002°,-2.56539016470485e+001 ,-9.59898012867929e+001°
1.68936219920179e+001,-5.97222124741748e+000 ,-6.12776192887365e+000°,-4.49360222277364e+001 ,1.73862273768857e+002°,-2.54537247989142e+001 ,-9.61298623872831e+001°
1.72831843512153e+001,-5.96996479644821e+000 ,-6.27126148963294e+000°,-4.45376811259688e+001 ,1.73719031325007e+002°,-2.52534485475829e+001 ,-9.62733014894555e+001°
1.76817299131726e+001,-5.96760442473183e+000 ,-6.41822622435409e+000°,-4.41392381147844e+001 ,1.73572318657012e+002°,-2.50530683755493e+001 ,-9.64202068258063e+001°
1.80894658281185e+001,-5.96513541585352e+000 ,-6.56874717730291e+000°,-4.37406883882565e+001 ,1.73422044851944e+002°,-2.48525795664020e+001 ,-9.65706694097199e+001°
1.85066040231102e+001,-5.96255284640361e+000 ,-6.72291829102875e+000°,-4.33420269374581e+001 ,1.73268116096023e+002°,-2.46519771967350e+001 ,-9.67247831533989e+001°
1.89333613121855e+001,-5.95985157763395e+000 ,-6.88083653096448e+000°,-4.29432485419472e+001 ,1.73110435550071e+002°,-2.44512561278037e+001 ,-9.68826449924490e+001°
1.93699595090551e+001,-5.95702624686079e+000 ,-7.04260201713017e+000°,-4.25443477609945e+001 ,1.72948903217882e+002°,-2.42504109969282e+001 ,-9.70443550175665e+001°
1.98166255423942e+001,-5.95407125861633e+000 ,-7.20831816341959e+000°,-4.21453189245758e+001 ,1.72783415807002e+002°,-2.40494362086446e+001 ,-9.72100166138076e+001°
2.02735915737920e+001,-5.95098077555378e+000 ,-7.37809182498382e+000°,-4.17461561241214e+001 ,1.72613866581403e+002°,-2.38483259256101e+001 ,-9.73797366079600e+001°
2.07410951184210e+001,-5.94774870911200e+000 ,-7.55203345426387e+000°,-4.13468532030299e+001 ,1.72440145205525e+002°,-2.36470740592678e+001 ,-9.75536254245592e+001°
2.12193791684895e+001,-5.94436870994832e+000 ,-7.73025726626585e+000°,-4.09474037469640e+001 ,1.72262137579050e+002°,-2.34456742602793e+001 ,-9.77317972511487e+001°
2.17086923195406e+001,-5.94083415815113e+000 ,-7.91288141371404e+000°,-4.05478010739230e+001 ,1.72079725661815e+002°,-2.32441199087375e+001 ,-9.79143702134195e+001°
2.22092888996634e+001,-5.93713815324621e+000 ,-8.10002817276680e+000°,-4.01480382241231e+001 ,1.71892787288162e+002°,-2.30424041041728e+001 ,-9.81014665609126e+001°
2.27214291016839e+001,-5.93327350401477e+000 ,-8.29182414002880e+000°,-3.97481079496909e+001 ,1.71701195969973e+002°,-2.28405196553713e+001 ,-9.82932128640143e+001°
2.32453791184044e+001,-5.92923271814516e+000 ,-8.48840044164936e+000°,-3.93480027041967e+001 ,1.71504820687632e+002°,-2.26384590700263e+001 ,-9.84897402230457e+001°
2.37814112809615e+001,-5.92500799174403e+000 ,-8.68989295535457e+000°,-3.89477146320552e+001 ,1.71303525668054e+002°,-2.24362145442497e+001 ,-9.86911844902764e+001°
2.43298042003740e+001,-5.92059119873907e+000 ,-8.89644254632408e+000°,-3.85472355578171e+001 ,1.71097170148862e+002°,-2.22337779519745e+001 ,-9.88976865057914e+001°
2.48908429123558e+001,-5.91597388021015e+000 ,-9.10819531789252e+000°,-3.81465569754011e+001 ,1.70885608127732e+002°,-2.20311408342863e+001 ,-9.91093923481775e+001°
2.54648190254670e+001,-5.91114723369328e+000 ,-9.32530287812768e+000°,-3.77456700372978e+001 ,1.70668688095878e+002°,-2.18282943887270e+001 ,-9.93264536010895e+001°
2.60520308726827e+001,-5.90610210250906e+000 ,-9.54792262341727e+000°,-3.73445655438035e+001 ,1.70446252754514e+002°,-2.16252294586233e+001 ,-9.95490276368237e+001°
2.66527836664554e+001,-5.90082896517587e+000 ,-9.77621804028030e+000°,-3.69432339323472e+001 ,1.70218138713089e+002°,-2.14219365224999e+001 ,-9.97772779181174e+001°
2.72673896573547e+001,-5.89531792497839e+000 ,-1.00103590267106e+001°,-3.65416652669705e+001 ,1.69984176168002e+002°,-2.12184056836481e+001 ,-1.00011374319478e+002°
2.78961682963637e+001,-5.88955869977268e+000 ,-1.02505222344574e+001°,-3.61398492280518e+001 ,1.69744188560365e+002°,-2.10146266599309e+001 ,-1.00251493469455e+002°
2.85394464009190e+001,-5.88354061212240e+000 ,-1.04968914337545e+001°,-3.57377751023653e+001 ,1.69497992211328e+002°,-2.08105887739192e+001 ,-1.00497819115351e+002°
2.91975583247790e+001,-5.87725257987455e+000 ,-1.07496579021186e+001°,-3.53354317735819e+001 ,1.69245395933321e+002°,-2.06062809434674e+001 ,-1.00750542512015e+002°
2.98708461318093e+001,-5.87068310730034e+000 ,-1.10090208389639e+001°,-3.49328077133390e+001 ,1.68986200615493e+002°,-2.04016916728548e+001 ,-1.01009862836440e+002°
3.05596597737759e+001,-5.86382027694468e+000 ,-1.12751878079034e+001°,-3.45298909730218e+001 ,1.68720198781457e+002°,-2.01968090446343e+001 ,-1.01275987630055e+002°
3.12643572722382e+001,-5.85665174234961e+000 ,-1.15483752087505e+001°,-3.41266691764215e+001 ,1.68447174117332e+002°,-1.99916207123566e+001 ,-1.01549133270714e+002°
3.19853049046357e+001,-5.84916472184053e+000 ,-1.18288087813780e+001°,-3.37231295134618e+001 ,1.68166900967927e+002°,-1.97861138943560e+001 ,-1.01829525476540e+002°
3.27228773946668e+001,-5.84134599359175e+000 ,-1.21167241437538e+001°,-3.33192587352025e+001 ,1.67879143798757e+002°,-1.95802753688162e+001 ,-1.02117399843959e+002°
3.34774581070574e+001,-5.83318189221865e+000 ,-1.24123673666351e+001°,-3.29150431503767e+001 ,1.67583656621385e+002°,-1.93740914703622e+001 ,-1.02413002422371e+002°
3.42494392468200e+001,-5.82465830717890e+000 ,-1.27159955875835e+001°,-3.25104686237388e+001 ,1.67280182379453e+002°,-1.91675480884619e+001 ,-1.02716590328162e+002°
3.50392220631091e+001,-5.81576068330513e+000 ,-1.30278776671521e+001°,-3.21055205765446e+001 ,1.66968452292540e+002°,-1.89606306679587e+001 ,-1.03028432400875e+002°
3.58472170577761e+001,-5.80647402383678e+000 ,-1.33482948902903e+001°,-3.17001839895344e+001 ,1.66648185154797e+002°,-1.87533242121030e+001 ,-1.03348809904609e+002°
3.66738441987342e+001,-5.79678289637016e+000 ,-1.36775417162245e+001°,-3.12944434088369e+001 ,1.66319086585107e+002°,-1.85456132885029e+001 ,-1.03678017277882e+002°
3.75195331382432e+001,-5.78667144220403e+000 ,-1.40159265802875e+001°,-3.08882829552692e+001 ,1.65980848225297e+002°,-1.83374820384692e+001 ,-1.04016362935454e+002°
3.83847234362282e+001,-5.77612338962450e+000 ,-1.43637727513963e+001°,-3.04816863375798e+001 ,1.65633146882703e+002°,-1.81289141903007e+001 ,-1.04364170125792e+002°
3.92698647887470e+001,-5.76512207174800e+000 ,-1.47214192491115e+001°,-3.00746368702506e+001 ,1.65275643613150e+002°,-1.79198930771273e+001 ,-1.04721777848121e+002°
4.01754172617273e+001,-5.75365044962642e+000 ,-1.50892218244494e+001°,-2.96671174965632e+001 ,1.64907982740176e+002°,-1.77104016600146e+001 ,-1.05089541833219e+002°
4.11018515300928e+001,-5.74169114141558e+000 ,-1.54675540088570e+001°,-2.92591108177310e+001 ,1.64529790806102e+002°,-1.75004225571330e+001 ,-1.05467835592388e+002°
4.20496491224037e+001,-5.72922645851782e+000 ,-1.58568082360026e+001°,-2.88505991290057e+001 ,1.64140675450276e+002°,-1.72899380799001e+001 ,-1.05857051539230e+002°
4.30193026711386e+001,-5.71623844973479e+000 ,-1.62573970412629e+001°,-2.84415644637972e+001 ,1.63740224209625e+002°,-1.70789302771333e+001 ,-1.06257602189125e+002°
4.40113161687481e+001,-5.70270895460709e+000 ,-1.66697543440150e+001°,-2.80319886469808e+001 ,1.63328003236404e+002°,-1.68673809883901e+001 ,-1.06669921441510e+002°
4.50262052296127e+001,-5.68861966727915e+000 ,-1.70943368180350e+001°,-2.76218533587318e+001 ,1.62903555927832e+002°,-1.66552719078320e+001 ,-1.07094465950269e+002°
4.60644973580409e+001,-5.67395221240859e+000 ,-1.75316253554829e+001°,-2.72111402104057e+001 ,1.62466401462145e+002°,-1.64425846601350e+001 ,-1.07531716587704e+002°
4.71267322224483e+001,-5.65868823484618e+000 ,-1.79821266300749e+001°,-2.67998308341905e+001 ,1.62016033235464e+002°,-1.62293008901689e+001 ,-1.07982180007701e+002°
4.82134619358582e+001,-5.64280950504533e+000 ,-1.84463747651161e+001°,-2.63879069884900e+001 ,1.61551917193795e+002°,-1.60154023684071e+001 ,-1.08446390313747e+002°
4.93252513428712e+001,-5.62629804242474e+000 ,-1.89249331120547e+001°,-2.59753506812613e+001 ,1.61073490054515e+002°,-1.58008711142889e+001 ,-1.08924910837477e+002°
5.04626783132516e+001,-5.60913625920529e+000 ,-1.94183961451030e+001°,-2.55621443138276e+001 ,1.60580157411785e+002°,-1.55856895400572e+001 ,-1.09418336033282e+002°
5.16263340422846e+001,-5.59130712757992e+000 ,-1.99273914772202e+001°,-2.51482708480259e+001 ,1.60071291720605e+002°,-1.53698406179276e+001 ,-1.09927293494279e+002°
5.28168233580588e+001,-5.57279437345363e+000 ,-2.04525820023288e+001°,-2.47337139999250e+001 ,1.59546230154636e+002°,-1.51533080738291e+001 ,-1.10452446094522e+002°
5.40347650358351e+001,-5.55358270041806e+000 ,-2.09946681679886e+001°,-2.43184584637802e+001 ,1.59004272333556e+002°,-1.49360766113781e+001 ,-1.10994494261658e+002°
5.52807921196649e+001,-5.53365804810333e+000 ,-2.15543903818313e+001°,-2.39024901703648e+001 ,1.58444677916667e+002°,-1.47181321702311e+001 ,-1.11554178383355e+002°
5.65555522514243e+001,-5.51300788958539e+000 ,-2.21325315537847e+001°,-2.34857965843599e+001 ,1.57866664060704e+002°,-1.44994622234912e+001 ,-1.12132281349513e+002°
5.78597080074360e+001,-5.49162157312426e+000 ,-2.27299197744065e+001°,-2.30683670460751e+001 ,1.57269402741538e+002°,-1.42800561194472e+001 ,-1.12729631230588e+002°
5.91939372428539e+001,-5.46949071417155e+000 ,-2.33474311274004e+001°,-2.26501931634389e+001 ,1.56652017941696e+002°,-1.40599054735805e+001 ,-1.13347104090093e+002°
6.05589334439885e+001,-5.44660964431817e+000 ,-2.39859926314741e+001°,-2.22312692609312e+001 ,1.56013582708535e+002°,-1.38390046175134e+001 ,-1.13985626926446e+002°
6.19554060887573e+001,-5.42297592465768e+000 ,-2.46465853029668e+001°,-2.18115928929318e+001 ,1.55353116091655e+002°,-1.36173511123723e+001 ,-1.14646180735590e+002°
6.33840810154470e+001,-5.39859093191722e+000 ,-2.53302473259478e+001°,-2.13911654298374e+001 ,1.54669579972836e+002°,-1.33949463349185e+001 ,-1.15329803681070e+002°
6.48457007999789e+001,-5.37346052665519e+000 ,-2.60380773105400e+001°,-2.09699927262461e+001 ,1.53961875807745e+002°,-1.31717961457465e+001 ,-1.16037594352356e+002°
6.63410251418745e+001,-5.34759581383305e+000 ,-2.67712376128168e+001°,-2.05480858815167e+001 ,1.53228841306081e+002°,-1.29479116498552e+001 ,-1.16770715084717e+002°
6.78708312591212e+001,-5.32101400713020e+000 ,-2.75309576804327e+001°,-2.01254621040719e+001 ,1.52469247085975e+002°,-1.27233100609633e+001 ,-1.17530395304845e+002°
6.94359142921431e+001,-5.29373940945990e+000 ,-2.83185373768608e+001°,-1.97021456919036e+001 ,1.51681793349795e+002°,-1.24980156820254e+001 ,-1.18317934855078e+002°
7.10370877170875e+001,-5.26580452323356e+000 ,-2.91353502232935e+001°,-1.92781691428267e+001 ,1.50865106642274e+002°,-1.22720610154958e+001 ,-1.19134707235290e+002°
7.26751837686421e+001,-5.23725130496343e+000 ,-2.99828464804920e+001°,-1.88535744090720e+001 ,1.50017736768703e+002°,-1.20454880179320e+001 ,-1.19982162684723e+002°
7.43510538726016e+001,-5.20813257972509e+000 ,-3.08625559726234e+001°,-1.84284143117406e+001 ,1.49138153971127e+002°,-1.18183495144566e+001 ,-1.20861831005814e+002°
7.60655690884096e+001,-5.17851363173514e+000 ,-3.17760905308717e+001°,-1.80027541313722e+001 ,1.48224746484774e+002°,-1.15907107893356e+001 ,-1.21775324007791e+002°
7.78196205619050e+001,-5.14847398771617e+000 ,-3.27251459057681e+001°,-1.75766733913034e+001 ,1.47275818625758e+002°,-1.13626513693434e+001 ,-1.22724337418991e+002°
7.96141199885091e+001,-5.11810940966415e+000 ,-3.37115029632025e+001°,-1.71502678504276e+001 ,1.46289589595108e+002°,-1.11342670165299e+001 ,-1.23710652082853e+002°
8.14500000870932e+001,-5.08753411290151e+000 ,-3.47370279394159e+001°,-1.67236517212415e+001 ,1.45264193223812e+002°,-1.09056719462742e+001 ,-1.24736134212901e+002°
8.33282150847738e+001,-5.05688322362875e+000 ,-3.58036714845465e+001°,-1.62969601273912e+001 ,1.44197678929308e+002°,-1.06770012848361e+001 ,-1.25802734436271e+002°
8.52497412128872e+001,-5.02631548725776e+000 ,-3.69134661722985e+001°,-1.58703518120001e+001 ,1.43088014205857e+002°,-1.04484137776894e+001 ,-1.26912485303368e+002°
8.72155772144001e+001,-4.99601623421427e+000 ,-3.80685220952177e+001°,-1.54440121034663e+001 ,1.41933089029303e+002°,-1.02200947553248e+001 ,-1.28067496883121e+002°
8.92267448630226e+001,-4.96620060315650e+000 ,-3.92710201015632e+001°,-1.50181561386773e+001 ,1.40730722620243e+002°,-9.99225935646841e+000 ,-1.29269949999844e+002°
9.12842894942904e+001,-4.93711701210249e+000 ,-4.05232021624059e+001°,-1.45930323341337e+001 ,1.39478673076969e+002°,-9.76515599920937e+000 ,-1.30522086600313e+002°
9.33892805488941e+001,-4.90905085514978e+000 ,-4.18273582889324e+001°,-1.41689260826658e+001 ,1.38174650458200e+002°,-9.53907007771965e+000 ,-1.31826196671057e+002°
9.55428121285378e+001,-4.88232838561159e+000 ,-4.31858093541207e+001°,-1.37461636365665e+001 ,1.36816333961454e+002°,-9.31432784539031e+000 ,-1.33184601060013e+002°
9.77460035646154e+001,-4.85732072478091e+000 ,-4.46008851160162e+001°,-1.33251161163540e+001 ,1.35401393899809e+002°,-9.09130042359589e+000 ,-1.34599629499784e+002°
1.00000000000000e+002,-4.83444790852874e+000 ,-4.60748967002295e+001°,-1.29062035573683e+001 ,1.33927519219449e+002°,-8.87040784829265e+000 ,-1.36073593090120e+002°
1.02305972984251e+002,-4.81418285109048e+000 ,-4.76101027883452e+001°,-1.24898988735562e+001 ,1.32392451311300e+002°,-8.65212303380532e+000 ,-1.37608750486307e+002°
1.04665121082543e+002,-4.79705506658886e+000 ,-4.92086687911888e+001°,-1.20767315789938e+001 ,1.30794024837806e+002°,-8.43697549435006e+000 ,-1.39207267072412e+002°
1.07078670498640e+002,-4.78365394454968e+000 ,-5.08726183791388e+001°,-1.16672910634021e+001 ,1.29130216202659e+002°,-8.22555461955051e+000 ,-1.40871166491576e+002°
1.09547875712234e+002,-4.77463132721993e+000 ,-5.26037769164890e+001°,-1.12622291694655e+001 ,1.27399200116489e+002°,-8.01851225175604e+000 ,-1.42602274080354e+002°
1.12074020130978e+002,-4.77070308641053e+000 ,-5.44037066254727e+001°,-1.08622617696758e+001 ,1.25599414432879e+002°,-7.81656426288469e+000 ,-1.44402152032719e+002°
1.14658416757563e+002,-4.77264934991423e+000 ,-5.62736337094624e+001°,-1.04681689927508e+001 ,1.23729633025218e+002°,-7.62049078084139e+000 ,-1.46272026523236e+002°
1.17302408872162e+002,-4.78131298815862e+000 ,-5.82143682111979e+001°,-1.00807937102899e+001 ,1.21789045928521e+002°,-7.43113467617113e+000 ,-1.48212707565267e+002°
1.20007370730629e+002,-4.79759594846991e+000 ,-6.02262180781454e+001°,-9.70103787104009e+000 ,1.19777345274119e+002°,-7.24939789632297e+000 ,-1.50224503076308e+002°
1.22774708278787e+002,-4.82245302673449e+000 ,-6.23088997443339e+001°,-9.32985627256033e+000 ,1.17694814707872e+002°,-7.07623523731192e+000 ,-1.52307129459794e+002°
1.25605859883189e+002,-4.85688270508533e+000 ,-6.44614484833524e+001°,-8.96824739891157e+000 ,1.15542419037228e+002°,-6.91264518140553e+000 ,-1.54459621958075e+002°
1.28502297078731e+002,-4.90191477009000e+000 ,-6.66821327765139e+001°,-8.61724103884874e+000 ,1.13321889863111e+002°,-6.75965751531225e+000 ,-1.56680249020550e+002°
1.31465525333509e+002,-4.95859456723150e+000 ,-6.89683778736215e+001°,-8.27788254030620e+000 ,1.11035802019209e+002°,-6.61831758466256e+000 ,-1.58966435864402e+002°
1.34497084831303e+002,-5.02796394793504e+000 ,-7.13167044664014e+001°,-7.95121375742949e+000 ,1.08687634898599e+002°,-6.48966724103603e+000 ,-1.61314703148003e+002°
1.37598551272118e+002,-5.11103922095906e+000 ,-7.37226887858107e+001°,-7.63825100197205e+000 ,1.06281812356500e+002°,-6.37472279335260e+000 ,-1.63720627068188e+002°
1.40771536691173e+002,-5.20878671622988e+000 ,-7.61809503075212e+001°,-7.33996060713622e+000 ,1.03823715004842e+002°,-6.27445057170770e+000 ,-1.66178827065711e+002°
1.44017690296787e+002,-5.32209687996644e+000 ,-7.86851724632820e+001°,-7.05723302270455e+000 ,1.01319659500976e+002°,-6.18974102249727e+000 ,-1.68682986536564e+002°
1.47338699327573e+002,-5.45175810808315e+000 ,-8.12281602308162e+001°,-6.79085664845033e+000 ,9.87768409578322e+001°,-6.12138254182095e+000 ,-1.71225910421845e+002°
1.50736289929413e+002,-5.59843174614674e+000 ,-8.38019362334146e+001°,-6.54149283410226e+000 ,9.62032368443958e+001°,-6.07003647543933e+000 ,-1.73799621307311e+002°
1.54212228052647e+002,-5.76262979425021e+000 ,-8.63978741711248e+001°,-6.30965358422714e+000 ,9.36074735545867e+001°,-6.03621482364840e+000 ,-1.76395492854527e+002°
1.57768320369953e+002,-5.94469681876271e+000 ,-8.90068653066358e+001°,-6.09568346998905e+000 ,9.09986599214445e+001°,-6.02026215302973e+000 ,-1.79004416286709e+002°
1.61406415215390e+002,-6.14479737314432e+000 ,-9.16195107193420e+001°,-5.89974704997410e+000 ,8.83861949631374e+001°,-6.02234301726572e+000 ,1.78383007357255e+002°
1.65128403545105e+002,-6.36290987526597e+000 ,-9.42263295396778e+001°,-5.72182274752096e+000 ,8.57795596487037e+001°,-6.04243583446002e+000 ,1.75776258988516e+002°
1.68936219920180e+002,-6.59882741438267e+000 ,-9.68179717611445e+001°,-5.56170365770555e+000 ,8.31881040861021e+001°,-6.08033369411123e+000 ,1.73184688656288e+002°
1.72831843512154e+002,-6.85216542495534e+000 ,-9.93854237563436e+001°,-5.41900522117488e+000 ,8.06208420062608e+001°,-6.13565203093523e+000 ,1.70617310031862e+002°
1.76817299131727e+002,-7.12237563682022e+000 ,-1.01920195372408e+002°,-5.29317917432940e+000 ,7.80862636677300e+001°,-6.20784257503516e+000 ,1.68082613313230e+002°
1.80894658281186e+002,-7.40876526005577e+000 ,-1.04414479328986e+002°,-5.18353273420352e+000 ,7.55921764587840e+001°,-6.29621253676880e+000 ,1.65588405827157e+002°
1.85066040231103e+002,-7.71052004173582e+000 ,-1.06861276297124e+002°,-5.08925165523318e+000 ,7.31455798186335e+001°,-6.39994766350239e+000 ,1.63141686950357e+002°
1.89333613121855e+002,-8.02672966994700e+000 ,-1.09254482104510e+002°,-5.00942563328866e+000 ,7.07525780322729e+001°,-6.51813764362856e+000 ,1.60748560904313e+002°
1.93699595090551e+002,-8.35641400016676e+000 ,-1.11588936575260e+002°,-4.94307453206876e+000 ,6.84183313907931e+001°,-6.64980233294514e+000 ,1.58414187915554e+002°
1.98166255423943e+002,-8.69854871847613e+000 ,-1.13860436210813e+002°,-4.88917404633061e+000 ,6.61470435105929e+001°,-6.79391741786844e+000 ,1.56142771534833e+002°
2.02735915737920e+002,-9.05208929687080e+000 ,-1.16065715002948e+002°,-4.84667965721889e+000 ,6.39419805204627e+001°,-6.94943837074515e+000 ,1.53937577824178e+002°
2.07410951184210e+002,-9.41599239305875e+000 ,-1.18202399022276e+002°,-4.81454803208239e+000 ,6.18055164732102e+001°,-7.11532184965061e+000 ,1.51800980768482e+002°
2.12193791684896e+002,-9.78923415748667e+000 ,-1.20268941049922e+002°,-4.79175533152051e+000 ,5.97391987140918e+001°,-7.29054400541606e+000 ,1.49734527643899e+002°
2.17086923195407e+002,-1.01708251990948e+001 ,-1.22264541513397e+002°,-4.77731217515916e+000 ,5.77438269450667e+001°,-7.47411544738419e+000 ,1.47739018082065e+002°
2.22092888996635e+002,-1.05598222050112e+001 ,-1.24189061500356e+002°,-4.77027526136750e+000 ,5.58195402111600e+001°,-7.66509286310450e+000 ,1.45814591056421e+002°
2.27214291016839e+002,-1.09553363962355e+001 ,-1.26042932823736e+002°,-4.76975582296473e+000 ,5.39659068354633e+001°,-7.86258747401766e+000 ,1.43960814817178e+002°
2.32453791184045e+002,-1.13565391293246e+001 ,-1.27827069154620e+002°,-4.77492522893032e+000 ,5.21820132864100e+001°,-8.06577063714199e+000 ,1.42176775758556e+002°
2.37814112809616e+002,-1.17626650282241e+001 ,-1.29542781252494e+002°,-4.78501811626180e+000 ,5.04665489476630e+001°,-8.27387697690649e+000 ,1.40461163188631e+002°
2.43298042003742e+002,-1.21730130598502e+001 ,-1.31191698397734e+002°,-4.79933346558335e+000 ,4.88178846857850e+001°,-8.48620546073315e+000 ,1.38812347896967e+002°
2.48908429123559e+002,-1.25869459625777e+001 ,-1.32775697324517e+002°,-4.81723402966237e+000 ,4.72341439174844e+001°,-8.70211882752628e+000 ,1.37228453221826e+002°
2.54648190254672e+002,-1.30038884089947e+001 ,-1.34296839290657e+002°,-4.83814449619405e+000 ,4.57132655399504e+001°,-8.92104175042807e+000 ,1.35707417980454e+002°
2.60520308726828e+002,-1.34233242423594e+001 ,-1.35757315408508e+002°,-4.86154872428994e+000 ,4.42530586001300e+001°,-9.14245807327701e+000 ,1.34247051138325e+002°
2.66527836664556e+002,-1.38447930775141e+001 ,-1.37159399987845e+002°,-4.88698634542439e+000 ,4.28512489520324e+001°,-9.36590741152256e+000 ,1.32845078466400e+002°
2.72673896573548e+002,-1.42678865070028e+001 ,-1.38505411388987e+002°,-4.91404896958728e+000 ,4.15055184038020e+001°,-9.59098135834454e+000 ,1.31499181688155e+002°
2.78961682963639e+002,-1.46922441054788e+001 ,-1.39797679730370e+002°,-4.94237618972737e+000 ,4.02135370103535e+001°,-9.81731948906159e+000 ,1.30207030772176e+002°
2.85394464009192e+002,-1.51175493823788e+001 ,-1.41038520717358e+002°,-4.97165153446503e+000 ,3.89729892447817e+001°,-1.00446053138072e+001 ,1.28966310103525e+002°
2.91975583247791e+002,-1.55435257953958e+001 ,-1.42230214838239e+002°,-5.00159848160421e+000 ,3.77815948025877e+001°,-1.02725622910032e+001 ,1.27774739287914e+002°
2.98708461318094e+002,-1.59699329058007e+001 ,-1.43374991192119e+002°,-5.03197661349694e+000 ,3.66371247740378e+001°,-1.05009499826842e+001 ,1.26630089324027e+002°
3.05596597737761e+002,-1.63965627309586e+001 ,-1.44475015257862e+002°,-5.06257796960247e+000 ,3.55374138754715e+001°,-1.07295604070142e+001 ,1.25530194834772e+002°
3.12643572722383e+002,-1.68232363289231e+001 ,-1.45532379972929e+002°,-5.09322363112803e+000 ,3.44803693707322e+001°,-1.09582146228832e+001 ,1.24472962988671e+002°
3.19853049046358e+002,-1.72498006341368e+001 ,-1.46549099557868e+002°,-5.12376055677745e+000 ,3.34639772469681e+001°,-1.11867595656096e+001 ,1.23456379675607e+002°
3.27228773946670e+002,-1.76761255512885e+001 ,-1.47527105590847e+002°,-5.15405867665878e+000 ,3.24863061403948e+001°,-1.14150651407989e+001 ,1.22478513432537e+002°
3.34774581070575e+002,-1.81021013056058e+001 ,-1.48468244903312e+002°,-5.18400824262956e+000 ,3.15455094409570e+001°,-1.16430215746383e+001 ,1.21537517548107e+002°
3.42494392468202e+002,-1.85276360416618e+001 ,-1.49374278930169e+002°,-5.21351742715912e+000 ,3.06398259424832e+001°,-1.18705370127054e+001 ,1.20631630712747e+002°
3.50392220631093e+002,-1.89526536586059e+001 ,-1.50246884204622e+002°,-5.24251015861734e+000 ,2.97675793482037e+001°,-1.20975353552015e+001 ,1.19759176524144e+002°
3.58472170577762e+002,-1.93770918671203e+001 ,-1.51087653738350e+002°,-5.27092417829187e+000 ,2.89271768909506e+001°,-1.23239543139096e+001 ,1.18918562107382e+002°
3.66738441987343e+002,-1.98009004519774e+001 ,-1.51898099072002e+002°,-5.29870930300938e+000 ,2.81171072830580e+001°,-1.25497436747551e+001 ,1.18108276064790e+002°
3.75195331382434e+002,-2.02240397235184e+001 ,-1.52679652819320e+002°,-5.32582587668037e+000 ,2.73359381726681e+001°,-1.27748637492857e+001 ,1.17326885932189e+002°
3.83847234362283e+002,-2.06464791414401e+001 ,-1.53433671560906e+002°,-5.35224339415613e+000 ,2.65823132504055e+001°,-1.29992839984614e+001 ,1.16573035285513e+002°
3.92698647887472e+002,-2.10681960947818e+001 ,-1.54161438971430e+002°,-5.37793928128893e+000 ,2.58549491226469e+001°,-1.32229818126445e+001 ,1.15845440614015e+002°
4.01754172617275e+002,-2.14891748227917e+001 ,-1.54864169087314e+002°,-5.40289781587446e+000 ,2.51526320443397e+001°,-1.34459414324678e+001 ,1.15142888053028e+002°
4.11018515300930e+002,-2.19094054623152e+001 ,-1.55543009641346e+002°,-5.42710917512058e+000 ,2.44742145849225e+001°,-1.36681529962264e+001 ,1.14464230049827e+002°
4.20496491224038e+002,-2.23288832084075e+001 ,-1.56199045406713e+002°,-5.45056859634408e+000 ,2.38186122848572e+001°,-1.38896117004936e+001 ,1.13808382020092e+002°
4.30193026711388e+002,-2.27476075759654e+001 ,-1.56833301506149e+002°,-5.47327563868998e+000 ,2.31848003470836e+001°,-1.41103170617554e+001 ,1.13174319039307e+002°
4.40113161687483e+002,-2.31655817512572e+001 ,-1.57446746652649e+002°,-5.49523353475346e+000 ,2.25718103969432e+001°,-1.43302722679439e+001 ,1.12561072602612e+002°
4.50262052296129e+002,-2.35828120232802e+001 ,-1.58040296296961e+002°,-5.51644862203418e+000 ,2.19787273353685e+001°,-1.45494836097987e+001 ,1.11967727477930e+002°
4.60644973580411e+002,-2.39993072858730e+001 ,-1.58614815664096e+002°,-5.53692984514908e+000 ,2.14046863030891e+001°,-1.47679599829828e+001 ,1.11393418670102e+002°
4.71267322224485e+002,-2.44150786024375e+001 ,-1.59171122666767e+002°,-5.55668832065987e+000 ,2.08488697679641e+001°,-1.49857124528079e+001 ,1.10837328508156e+002°
4.82134619358584e+002,-2.48301388259870e+001 ,-1.59709990688112e+002°,-5.57573695723216e+000 ,2.03105047430704e+001°,-1.52027538742876e+001 ,1.10298683863317e+002°
4.93252513428714e+002,-2.52445022680262e+001 ,-1.60232151229620e+002°,-5.59409012463074e+000 ,1.97888601396466e+001°,-1.54190985610207e+001 ,1.09776753501886e+002°
5.04626783132518e+002,-2.56581844104817e+001 ,-1.60738296422893e+002°,-5.61176336577156e+000 ,1.92832442562487e+001°,-1.56347619971268e+001 ,1.09270845574317e+002°
5.16263340422848e+002,-2.60712016555524e+001 ,-1.61229081406025e+002°,-5.62877314669883e+000 ,1.87930024033581e+001°,-1.58497605871013e+001 ,1.08780305239755e+002°
5.28168233580590e+002,-2.64835711089290e+001 ,-1.61705126566938e+002°,-5.64513663993758e+000 ,1.83175146610839e+001°,-1.60641114390397e+001 ,1.08304512423656e+002°
5.40347650358353e+002,-2.68953103923565e+001 ,-1.62167019657244e+002°,-5.66087153719467e+000 ,1.78561937664160e+001°,-1.62778321772052e+001 ,1.07842879704967e+002°
5.52807921196651e+002,-2.73064374819758e+001 ,-1.62615317781022e+002°,-5.67599588784648e+000 ,1.74084831256325e+001°,-1.64909407803762e+001 ,1.07394850328450e+002°
5.65555522514245e+002,-2.77169705693004e+001 ,-1.63050549263502e+002°,-5.69052796006777e+000 ,1.69738549468746e+001°,-1.67034554428283e+001 ,1.06959896337181e+002°
5.78597080074362e+002,-2.81269279420500e+001 ,-1.63473215405035e+002°,-5.70448612182444e+000 ,1.65518084875214e+001°,-1.69153944551736e+001 ,1.06537516819832e+002°
5.91939372428541e+002,-2.85363278823904e+001 ,-1.63883792125929e+002°,-5.71788873928105e+000 ,1.61418684107828e+001°,-1.71267761026079e+001 ,1.06127236267191e+002°
6.05589334439888e+002,-2.89451885804222e+001 ,-1.64282731507842e+002°,-5.73075409046345e+000 ,1.57435832458379e+001°,-1.73376185784047e+001 ,1.05728603032206e+002°
6.19554060887576e+002,-2.93535280610122e+001 ,-1.64670463237379e+002°,-5.74310029227388e+000 ,1.53565239458566e+001°,-1.75479399107547e+001 ,1.05341187887921e+002°
6.33840810154473e+002,-2.97613641222942e+001 ,-1.65047395957507e+002°,-5.75494523918271e+000 ,1.49802825383250e+001°,-1.77577579012731e+001 ,1.04964582677710e+002°
6.48457007999791e+002,-3.01687142843608e+001 ,-1.65413918532207e+002°,-5.76630655212091e+000 ,1.46144708622360e+001°,-1.79670900736992e+001 ,1.04598399052378e+002°
6.63410251418748e+002,-3.05755957468480e+001 ,-1.65770401229660e+002°,-5.77720153627454e+000 ,1.42587193868814e+001°,-1.81759536314892e+001 ,1.04242267288860e+002°
6.78708312591215e+002,-3.09820253542691e+001 ,-1.66117196829006e+002°,-5.78764714663826e+000 ,1.39126761071924e+001°,-1.83843654231585e+001 ,1.03895835185463e+002°
6.94359142921433e+002,-3.13880195680920e+001 ,-1.66454641655530e+002°,-5.79765996032232e+000 ,1.35760055107958e+001°,-1.85923419143677e+001 ,1.03558767028826e+002°
7.10370877170877e+002,-3.17935944446743e+001 ,-1.66783056548885e+002°,-5.80725615472862e+000 ,1.32483876121908e+001°,-1.87998991658670e+001 ,1.03230742627999e+002°
7.26751837686424e+002,-3.21987656182792e+001 ,-1.67102747768700e+002°,-5.81645149081843e+000 ,1.29295170496916e+001°,-1.90070528165221e+001 ,1.02911456411284e+002°
7.43510538726019e+002,-3.26035482884876e+001 ,-1.67414007841718e+002°,-5.82526130078812e+000 ,1.26191022410179e+001°,-1.92138180707363e+001 ,1.02600616581720e+002°
7.60655690884099e+002,-3.30079572114051e+001 ,-1.67717116354344e+002°,-5.83370047955243e+000 ,1.23168645936567e+001°,-1.94202096896687e+001 ,1.02297944327343e+002°
7.78196205619053e+002,-3.34120066941362e+001 ,-1.68012340694270e+002°,-5.84178347950742e+000 ,1.20225377663475e+001°,-1.96262419857195e+001 ,1.02003173082561e+002°
7.96141199885094e+002,-3.38157105920614e+001 ,-1.68299936744606e+002°,-5.84952430811031e+000 ,1.17358669782681e+001°,-1.98319288198192e+001 ,1.01716047837232e+002°
8.14500000870935e+002,-3.42190823085105e+001 ,-1.68580149533742e+002°,-5.85693652786894e+000 ,1.14566083627144e+001°,-2.00372836011143e+001 ,1.01436324490231e+002°
8.33282150847742e+002,-3.46221347964733e+001 ,-1.68853213843964e+002°,-5.86403325838473e+000 ,1.11845283622714e+001°,-2.02423192886920e+001 ,1.01163769244512e+002°
8.52497412128875e+002,-3.50248805620370e+001 ,-1.69119354781635e+002°,-5.87082718013617e+000 ,1.09194031626716e+001°,-2.04470483950304e+001 ,1.00898158040843e+002°
8.72155772144005e+002,-3.54273316692722e+001 ,-1.69378788311587e+002°,-5.87733053972882e+000 ,1.06610181627191e+001°,-2.06514829909007e+001 ,1.00639276027620e+002°
8.92267448630230e+002,-3.58294997463296e+001 ,-1.69631721758188e+002°,-5.88355515637201e+000 ,1.04091674778364e+001°,-2.08556347114784e+001 ,1.00386917064291e+002°
9.12842894942907e+002,-3.62313959925362e+001 ,-1.69878354275381e+002°,-5.88951242937277e+000 ,1.01636534749531e+001°,-2.10595147634562e+001 ,1.00140883256119e+002°
9.33892805488944e+002,-3.66330311863053e+001 ,-1.70118877287836e+002°,-5.89521334646310e+000 ,9.92428633661325e+000°,-2.12631339329718e+001 ,9.99009845181727e+001°
9.55428121285382e+002,-3.70344156937021e+001 ,-1.70353474905235e+002°,-5.90066849280143e+000 ,9.69088365232143e+000°,-2.14665025941912e+001 ,9.96670381665389e+001°
9.77460035646158e+002,-3.74355594775222e+001 ,-1.70582324311537e+002°,-5.90588806050832e+000 ,9.46327003528572e+000°,-2.16696307184071e+001 ,9.94388685349416e+001°
1.00000000000001e+003,-3.78364721067632e+001 ,-1.70805596130975e+002°,-5.91088185861548e+000 ,9.24127676284160e+000°,-2.18725278835303e+001 ,9.92163066150329e+001°
1.02305972984252e+003,-3.82371627663804e+001 ,-1.71023454772419e+002°,-5.91565932332288e+000 ,9.02474143896097e+000°,-2.20752032838679e+001 ,9.89991897187689e+001°
1.04665121082543e+003,-3.86376402672374e+001 ,-1.71236058753603e+002°,-5.92022952847261e+000 ,8.81350767736017e+000°,-2.22776657400958e+001 ,9.87873611613843e+001°
1.07078670498640e+003,-3.90379130561684e+001 ,-1.71443561006643e+002°,-5.92460119616084e+000 ,8.60742480382527e+000°,-2.24799237093464e+001 ,9.85806699635778e+001°
1.09547875712234e+003,-3.94379892260865e+001 ,-1.71646109166166e+002°,-5.92878270741981e+000 ,8.40634757646872e+000°,-2.26819852953416e+001 ,9.83789705716321e+001°
1.12074020130979e+003,-3.98378765260754e+001 ,-1.71843845841285e+002°,-5.93278211291163e+000 ,8.21013592272087e+000°,-2.28838582585123e+001 ,9.81821225942603e+001°
1.14658416757563e+003,-4.02375823714158e+001 ,-1.72036908872566e+002°,-5.93660714358420e+000 ,8.01865469194392e+000°,-2.30855500260535e+001 ,9.79899905550787e+001°
1.17302408872162e+003,-4.06371138535006e+001 ,-1.72225431575073e+002°,-5.94026522124624e+000 ,7.83177342263241e+000°,-2.32870677018707e+001 ,9.78024436596594e+001°
1.20007370730630e+003,-4.10364777496034e+001 ,-1.72409542968501e+002°,-5.94376346902617e+000 ,7.64936612323759e+000°,-2.34884180763804e+001 ,9.76193555762087e+001°
1.22774708278788e+003,-4.14356805324668e+001 ,-1.72589367995339e+002°,-5.94710872168407e+000 ,7.47131106571875e+000°,-2.36896076361340e+001 ,9.74406042289657e+001°
1.25605859883189e+003,-4.18347283796859e+001 ,-1.72765027727944e+002°,-5.95030753575179e+000 ,7.29749059098795e+000°,-2.38906425732373e+001 ,9.72660716034966e+001°
1.28502297078732e+003,-4.22336271828618e+001 ,-1.72936639565383e+002°,-5.95336619948041e+000 ,7.12779092547165e+000°,-2.40915287945445e+001 ,9.70956435631015e+001°
1.31465525333509e+003,-4.26323825565087e+001 ,-1.73104317420792e+002°,-5.95629074257789e+000 ,6.96210200806682e+000°,-2.42922719306067e+001 ,9.69292096756147e+001°
1.34497084831303e+003,-4.30309998466983e+001 ,-1.73268171900019e+002°,-5.95908694572358e+000 ,6.80031732681867e+000°,-2.44928773443621e+001 ,9.67666630499252e+001°
1.37598551272118e+003,-4.34294841394289e+001 ,-1.73428310472226e+002°,-5.96176034984873e+000 ,6.64233376469416e+000°,-2.46933501395523e+001 ,9.66079001815903e+001°
1.40771536691174e+003,-4.38278402687092e+001 ,-1.73584837633130e+002°,-5.96431626517505e+000 ,6.48805145386756e+000°,-2.48936951688585e+001 ,9.64528208069583e+001°
1.44017690296787e+003,-4.42260728243486e+001 ,-1.73737855061474e+002°,-5.96675978000541e+000 ,6.33737363797515e+000°,-2.50939170417463e+001 ,9.63013277652633e+001°
1.47338699327573e+003,-4.46241861594480e+001 ,-1.73887461769355e+002°,-5.96909576926278e+000 ,6.19020654183273e+000°,-2.52940201320166e+001 ,9.61533268681759e+001°
1.50736289929413e+003,-4.50221843975867e+001 ,-1.74033754246943e+002°,-5.97132890277495e+000 ,6.04645924814437e+000°,-2.54940085850559e+001 ,9.60087267763497e+001°
1.54212228052648e+003,-4.54200714397017e+001 ,-1.74176826602143e+002°,-5.97346365330461e+000 ,5.90604358076302e+000°,-2.56938863247838e+001 ,9.58674388825104e+001°
1.57768320369953e+003,-4.58178509706572e+001 ,-1.74316770695707e+002°,-5.97550430432491e+000 ,5.76887399409304e+000°,-2.58936570602969e+001 ,9.57293772006967e+001°
1.61406415215391e+003,-4.62155264655030e+001 ,-1.74453676272302e+002°,-5.97745495754192e+000 ,5.63486746825257e+000°,-2.60933242922071e+001 ,9.55944582612482e+001°
1.65128403545105e+003,-4.66131011954219e+001 ,-1.74587631087981e+002°,-5.97931954016677e+000 ,5.50394340963959e+000°,-2.62928913186744e+001 ,9.54626010112066e+001°
1.68936219920180e+003,-4.70105782333644e+001 ,-1.74718721034555e+002°,-5.98110181194015e+000 ,5.37602355656904e+000°,-2.64923612411358e+001 ,9.53337267197812e+001°
1.72831843512154e+003,-4.74079604593734e+001 ,-1.74847030261280e+002°,-5.98280537191323e+000 ,5.25103188967097e+000°,-2.66917369697304e+001 ,9.52077588885784e+001°
1.76817299131727e+003,-4.78052505655980e+001 ,-1.74972641294311e+002°,-5.98443366498939e+000 ,5.12889454676007e+000°,-2.68910212284234e+001 ,9.50846231662997e+001°
1.80894658281187e+003,-4.82024510609978e+001 ,-1.75095635154344e+002°,-5.98598998823123e+000 ,5.00953974190654e+000°,-2.70902165598292e+001 ,9.49642472676462e+001°
1.85066040231104e+003,-4.85995642757398e+001 ,-1.75216091472862e+002°,-5.98747749693823e+000 ,4.89289768845568e+000°,-2.72893253297385e+001 ,9.48465608961656e+001°
1.89333613121856e+003,-4.89965923652871e+001 ,-1.75334088607410e+002°,-5.98889921050049e+000 ,4.77890052576062e+000°,-2.74883497313485e+001 ,9.47314956708207e+001°
1.93699595090552e+003,-4.93935373141830e+001 ,-1.75449703756292e+002°,-5.99025801803383e+000 ,4.66748224940784e+000°,-2.76872917892018e+001 ,9.46189850560451e+001°
1.98166255423943e+003,-4.97904009395289e+001 ,-1.75563013073112e+002°,-5.99155668380256e+000 ,4.55857864472983e+000°,-2.78861533628332e+001 ,9.45089642950931e+001°
2.02735915737921e+003,-5.01871848941586e+001 ,-1.75674091781566e+002°,-5.99279785243542e+000 ,4.45212722341223e+000°,-2.80849361501301e+001 ,9.44013703464837e+001°
2.07410951184211e+003,-5.05838906695091e+001 ,-1.75783014290894e+002°,-5.99398405394077e+000 ,4.34806716301576e+000°,-2.82836416904060e+001 ,9.42961418233628e+001°
2.12193791684897e+003,-5.09805195981871e+001 ,-1.75889854312408e+002°,-5.99511770852718e+000 ,4.24633924924442e+000°,-2.84822713671911e+001 ,9.41932189356123e+001°
2.17086923195408e+003,-5.13770728562316e+001 ,-1.75994684977528e+002°,-5.99620113123536e+000 ,4.14688582080287e+000°,-2.86808264107416e+001 ,9.40925434345561e+001°
2.22092888996636e+003,-5.17735514650721e+001 ,-1.76097578957735e+002°,-5.99723653638732e+000 ,4.04965071669520e+000°,-2.88793079002685e+001 ,9.39940585601089e+001°
2.27214291016840e+003,-5.21699562931803e+001 ,-1.76198608586912e+002°,-5.99822604185905e+000 ,3.95457922582750e+000°,-2.90777167658900e+001 ,9.38977089902333e+001°
2.32453791184046e+003,-5.25662880574130e+001 ,-1.76297845986496e+002°,-5.99917167318221e+000 ,3.86161803878493e+000°,-2.92760537903058e+001 ,9.38034407925799e+001°
2.37814112809617e+003,-5.29625473240448e+001 ,-1.76395363193923e+002°,-6.00007536748103e+000 ,3.77071520166217e+000°,-2.94743196101973e+001 ,9.37112013781822e+001°
2.43298042003742e+003,-5.33587345094849e+001 ,-1.76491232294847e+002°,-6.00093897724991e+000 ,3.68182007183416e+000°,-2.96725147173524e+001 ,9.36209394571048e+001°
2.48908429123560e+003,-5.37548498806768e+001 ,-1.76585525559623e+002°,-6.00176427397743e+000 ,3.59488327556053e+000°,-2.98706394595168e+001 ,9.35326049959257e+001°
2.54648190254672e+003,-5.41508935551704e+001 ,-1.76678315584591e+002°,-6.00255295162232e+000 ,3.50985666732425e+000°,-3.00686940409709e+001 ,9.34461491769699e+001°
2.60520308726829e+003,-5.45468655008655e+001 ,-1.76769675438676e+002°,-6.00330662994667e+000 ,3.42669329081109e+000°,-3.02666785228339e+001 ,9.33615243591874e+001°
2.66527836664557e+003,-5.49427655354142e+001 ,-1.76859678815905e+002°,-6.00402685771178e+000 ,3.34534734144203e+000°,-3.04645928230922e+001 ,9.32786840405978e+001°
2.72673896573549e+003,-5.53385933252766e+001 ,-1.76948400194396e+002°,-6.00471511574170e+000 ,3.26577413037643e+000°,-3.06624367163534e+001 ,9.31975828222147e+001°
2.78961682963640e+003,-5.57343483844162e+001 ,-1.77035915002472e+002°,-6.00537281985941e+000 ,3.18793004990864e+000°,-3.08602098333233e+001 ,9.31181763733835e+001°
2.85394464009193e+003,-5.61300300726248e+001 ,-1.77122299792532e+002°,-6.00600132370059e+000 ,3.11177254018544e+000°,-3.10579116600055e+001 ,9.30404213984447e+001°
2.91975583247792e+003,-5.65256375934611e+001 ,-1.77207632423382e+002°,-6.00660192140964e+000 ,3.03726005717620e+000°,-3.12555415366200e+001 ,9.29642756046764e+001°
2.98708461318095e+003,-5.69211699917876e+001 ,-1.77291992251736e+002°,-6.00717585022254e+000 ,2.96435204183151e+000°,-3.14530986562401e+001 ,9.28896976714338e+001°
3.05596597737762e+003,-5.73166261508872e+001 ,-1.77375460333661e+002°,-6.00772429294087e+000 ,2.89300889037010e+000°,-3.16505820631433e+001 ,9.28166472204410e+001°
3.12643572722384e+003,-5.77120047891374e+001 ,-1.77458119636765e+002°,-6.00824838030158e+000 ,2.82319192563734e+000°,-3.18479906508741e+001 ,9.27450847871747e+001°
3.19853049046359e+003,-5.81073044562191e+001 ,-1.77540055263991e+002°,-6.00874919324617e+000 ,2.75486336948183e+000°,-3.20453231600145e+001 ,9.26749717932883e+001°
3.27228773946671e+003,-5.85025235288307e+001 ,-1.77621354689903e+002°,-6.00922776509386e+000 ,2.68798631610000e+000°,-3.22425781756577e+001 ,9.26062705200276e+001°
3.34774581070577e+003,-5.88976602058797e+001 ,-1.77702108010425e+002°,-6.00968508362209e+000 ,2.62252470630129e+000°,-3.24397541245817e+001 ,9.25389440825953e+001°
3.42494392468203e+003,-5.92927125031125e+001 ,-1.77782408207038e+002°,-6.01012209305852e+000 ,2.55844330264933e+000°,-3.26368492721161e+001 ,9.24729564054235e+001°
3.50392220631094e+003,-5.96876782471467e+001 ,-1.77862351426513e+002°,-6.01053969598777e+000 ,2.49570766543708e+000°,-3.28338617186986e+001 ,9.24082721983035e+001°
3.58472170577764e+003,-6.00825550688565e+001 ,-1.77942037277280e+002°,-6.01093875517680e+000 ,2.43428412945633e+000°,-3.30307893961133e+001 ,9.23448569333567e+001°
3.66738441987345e+003,-6.04773403960656e+001 ,-1.78021569143664e+002°,-6.01132009532177e+000 ,2.37413978152406e+000°,-3.32276300634068e+001 ,9.22826768227855e+001°
3.75195331382435e+003,-6.08720314454843e+001 ,-1.78101054519231e+002°,-6.01168450472009e+000 ,2.31524243873039e+000°,-3.34243813024730e+001 ,9.22216987973968e+001°
3.83847234362285e+003,-6.12666252138304e+001 ,-1.78180605360577e+002°,-6.01203273687046e+000 ,2.25756062737477e+000°,-3.36210405133007e+001 ,9.21618904858562e+001°
3.92698647887473e+003,-6.16611184680573e+001 ,-1.78260338463009e+002°,-6.01236551200403e+000 ,2.20106356255894e+000°,-3.38176049088768e+001 ,9.21032201946381e+001°
4.01754172617277e+003,-6.20555077346083e+001 ,-1.78340375859574e+002°,-6.01268351854946e+000 ,2.14572112840666e+000°,-3.40140715097349e+001 ,9.20456568886590e+001°
4.11018515300932e+003,-6.24497892876008e+001 ,-1.78420845245051e+002°,-6.01298741453483e+000 ,2.09150385888221e+000°,-3.42104371381438e+001 ,9.19891701725683e+001°
4.20496491224040e+003,-6.28439591358362e+001 ,-1.78501880426571e+002°,-6.01327782892885e+000 ,2.03838291918103e+000°,-3.44066984119233e+001 ,9.19337302726576e+001°
4.30193026711389e+003,-6.32380130085136e+001 ,-1.78583621802623e+002°,-6.01355536292401e+000 ,1.98633008766689e+000°,-3.46028517378811e+001 ,9.18793080193915e+001°
4.40113161687485e+003,-6.36319463395110e+001 ,-1.78666216872328e+002°,-6.01382059116423e+000 ,1.93531773833212e+000°,-3.47988933048593e+001 ,9.18258748305237e+001°
4.50262052296131e+003,-6.40257542500824e+001 ,-1.78749820776926e+002°,-6.01407406291919e+000 ,1.88531882375779e+000°,-3.49948190763792e+001 ,9.17734026947846e+001°
4.60644973580413e+003,-6.44194315297912e+001 ,-1.78834596875560e+002°,-6.01431630320775e+000 ,1.83630685855259e+000°,-3.51906247828765e+001 ,9.17218641561304e+001°
4.71267322224487e+003,-6.48129726154863e+001 ,-1.78920717357527e+002°,-6.01454781387263e+000 ,1.78825590324984e+000°,-3.53863059135130e+001 ,9.16712322985325e+001°
4.82134619358586e+003,-6.52063715680979e+001 ,-1.79008363893276e+002°,-6.01476907460824e+000 ,1.74114054864325e+000°,-3.55818577075541e+001 ,9.16214807312875e+001°
4.93252513428715e+003,-6.55996220469935e+001 ,-1.79097728326548e+002°,-6.01498054394397e+000 ,1.69493590054298e+000°,-3.57772751453014e+001 ,9.15725835748609e+001°
5.04626783132520e+003,-6.59927172816128e+001 ,-1.79189013410159e+002°,-6.01518266018475e+000 ,1.64961756493450e+000°,-3.59725529385663e+001 ,9.15245154472192e+001°
5.16263340422850e+003,-6.63856500400529e+001 ,-1.79282433588044e+002°,-6.01537584231046e+000 ,1.60516163352357e+000°,-3.61676855206728e+001 ,9.14772514506695e+001°
5.28168233580592e+003,-6.67784125942356e+001 ,-1.79378215826256e+002°,-6.01556049083648e+000 ,1.56154466965131e+000°,-3.63626670359770e+001 ,9.14307671591807e+001°
5.40347650358355e+003,-6.71709966812380e+001 ,-1.79476600495779e+002°,-6.01573698863659e+000 ,1.51874369456447e+000°,-3.65574913288892e+001 ,9.13850386061905e+001°
5.52807921196653e+003,-6.75633934603126e+001 ,-1.79577842310003e+002°,-6.01590570173015e+000 ,1.47673617402626e+000°,-3.67521519323859e+001 ,9.13400422728837e+001°
5.65555522514247e+003,-6.79555934650623e+001 ,-1.79682211319924e+002°,-6.01606698003496e+000 ,1.43550000525397e+000°,-3.69466420559976e+001 ,9.12957550769470e+001°
5.78597080074364e+003,-6.83475865501602e+001 ,-1.79789993970079e+002°,-6.01622115808739e+000 ,1.39501350417048e+000°,-3.71409545732587e+001 ,9.12521543617761e+001°
5.91939372428543e+003,-6.87393618319253e+001 ,-1.79901494218353e+002°,-6.01636855573120e+000 ,1.35525539295675e+000°,-3.73350820086062e+001 ,9.12092178861656e+001°
6.05589334439890e+003,-6.91309076219763e+001 ,1.79982965277224e+002°,-6.01650947877638e+000 ,1.31620478789354e+000°,-3.75290165237116e+001 ,9.11669238144551e+001°
6.19554060887578e+003,-6.95222113530839e+001 ,1.79863041901515e+002°,-6.01664421962926e+000 ,1.27784118748078e+000°,-3.77227499032344e+001 ,9.11252507071165e+001°
6.33840810154475e+003,-6.99132594962137e+001 ,1.79738371752133e+002°,-6.01677305789551e+000 ,1.24014446082353e+000°,-3.79162735399811e+001 ,9.10841775118506e+001°
6.48457007999794e+003,-7.03040374676464e+001 ,1.79608568233052e+002°,-6.01689626095666e+000 ,1.20309483627412e+000°,-3.81095784194577e+001 ,9.10436835550972e+001°
6.63410251418750e+003,-7.06945295248884e+001 ,1.79473220569196e+002°,-6.01701408452183e+000 ,1.16667289032027e+000°,-3.83026551038008e+001 ,9.10037485340482e+001°
6.78708312591217e+003,-7.10847186499378e+001 ,1.79331892239371e+002°,-6.01712677315549e+000 ,1.13085953670946e+000°,-3.84954937150760e+001 ,9.09643525091112e+001°
6.94359142921436e+003,-7.14745864182852e+001 ,1.79184119325286e+002°,-6.01723456078244e+000 ,1.09563601580029e+000°,-3.86880839179289e+001 ,9.09254758968736e+001°
7.10370877170880e+003,-7.18641128518199e+001 ,1.79029408774818e+002°,-6.01733767117080e+000 ,1.06098388413190e+000°,-3.88804149015781e+001 ,9.08870994635055e+001°
7.26751837686426e+003,-7.22532762535728e+001 ,1.78867236578290e+002°,-6.01743631839450e+000 ,1.02688500420275e+000°,-3.90724753611389e+001 ,9.08492043187060e+001°
7.43510538726022e+003,-7.26420530219954e+001 ,1.78697045857253e+002°,-6.01753070727554e+000 ,9.93321534450507e-001°,-3.92642534782658e+001 ,9.08117719100984e+001°
7.60655690884102e+003,-7.30304174421738e+001 ,1.78518244866220e+002°,-6.01762103380745e+000 ,9.60275919425041e-001°,-3.94557369011062e+001 ,9.07747840181562e+001°
7.78196205619056e+003,-7.34183414510547e+001 ,1.78330204909058e+002°,-6.01770748556052e+000 ,9.27730880146857e-001°,-3.96469127235552e+001 ,9.07382227516293e+001°
7.96141199885097e+003,-7.38057943734504e+001 ,1.78132258173165e+002°,-6.01779024206980e+000 ,8.95669404643454e-001°,-3.98377674638064e+001 ,9.07020705435035e+001°
8.14500000870937e+003,-7.41927426251765e+001 ,1.77923695486497e+002°,-6.01786947520647e+000 ,8.64074738656457e-001°,-4.00282870421919e+001 ,9.06663101475015e+001°
8.33282150847744e+003,-7.45791493792923e+001 ,1.77703764004714e+002°,-6.01794534953351e+000 ,8.32930376512672e-001°,-4.02184567583081e+001 ,9.06309246351082e+001°
8.52497412128878e+003,-7.49649741909669e+001 ,1.77471664838633e+002°,-6.01801802264630e+000 ,8.02220052152110e-001°,-4.04082612674270e+001 ,9.05958973931678e+001°
8.72155772144007e+003,-7.53501725760154e+001 ,1.77226550635425e+002°,-6.01808764549888e+000 ,7.71927730306767e-001°,-4.05976845561921e+001 ,9.05612121220717e+001°
8.92267448630233e+003,-7.57346955376761e+001 ,1.76967523131220e+002°,-6.01815436271648e+000 ,7.42037597823604e-001°,-4.07867099176040e+001 ,9.05268528345050e+001°
9.12842894942910e+003,-7.61184890356577e+001 ,1.76693630697691e+002°,-6.01821831289514e+000 ,7.12534055125748e-001°,-4.09753199253001e+001 ,9.04928038548026e+001°
9.33892805488947e+003,-7.65014933909789e+001 ,1.76403865911126e+002°,-6.01827962888868e+000 ,6.83401707805988e-001°,-4.11634964071395e+001 ,9.04590498189372e+001°
9.55428121285385e+003,-7.68836426196003e+001 ,1.76097163179548e+002°,-6.01833843808407e+000 ,6.54625358346632e-001°,-4.13512204181052e+001 ,9.04255756751109e+001°
9.77460035646161e+003,-7.72648636873430e+001 ,1.75772396471921e+002°,-6.01839486266526e+000 ,6.26189997960391e-001°,-4.15384722125405e+001 ,9.03923666850075e+001°
1.00000000000000e+004,-7.76450756781432e+001 ,1.75428377203326e+002°,-6.01844901986657e+000 ,5.98080798546532e-001°,-4.17252312157416e+001 ,9.03594084257133e+001°
