1.00000000000000e+001,-5.40754503490091e+001 ,1.76379635759215e+002°,-3.00396380808467e+001 ,-9.36140986179708e+001°,-6.00368268043861e+000 ,-3.61017624080655e+000°,-6.03804565330034e+000 ,1.76389862108408e+002°
1.02305972984251e+001,-5.36786141823888e+001 ,1.76296180499265e+002°,-2.98408217143885e+001 ,-9.36977052084665e+001°,-6.00288611386402e+000 ,-3.69387907074783e+000°,-6.03885548477938e+000 ,1.76306159998430e+002°
1.04665121082543e+001,-5.32817410152585e+001 ,1.76210757777332e+002°,-2.96419683474035e+001 ,-9.37832760829303e+001°,-6.00205254675487e+000 ,-3.77954419596287e+000°,-6.03970357440354e+000 ,1.76220495598079e+002°
1.07078670498640e+001,-5.28848291369503e+001 ,1.76123320188493e+002°,-2.94430762692118e+001 ,-9.38708587233179e+001°,-6.00118026842706e+000 ,-3.86721914739705e+000°,-6.04059175291999e+000 ,1.76132821375687e+002°
1.09547875712233e+001,-5.24878767584724e+001 ,1.76033819066851e+002°,-2.92441436908217e+001 ,-9.39605018708914e+001°,-6.00026748988437e+000 ,-3.95695271429091e+000°,-6.04152194090997e+000 ,1.76043088541213e+002°
1.12074020130978e+001,-5.20908820090107e+001 ,1.75942204445103e+002°,-2.90451687414215e+001 ,-9.40522555667841e+001°,-5.99931234031083e+000 ,-4.04879498477390e+000°,-6.04249615340852e+000 ,1.75951247005643e+002°
1.14658416757562e+001,-5.16938429322917e+001 ,1.75848425012227e+002°,-2.88461494647228e+001 ,-9.41461711943359e+001°,-5.99831286341335e+000 ,-4.14279738822607e+000°,-6.04351650478101e+000 ,1.75857245338626e+002°
1.17302408872161e+001,-5.12967574827348e+001 ,1.75752428069225e+002°,-2.86470838151478e+001 ,-9.42423015233051e+001°,-5.99726701360973e+000 ,-4.23901273950730e+000°,-6.04458521387337e+000 ,1.75761030724232e+002°
1.20007370730629e+001,-5.08996235215047e+001 ,1.75654159483044e+002°,-2.84479696538573e+001 ,-9.43407007560447e+001°,-5.99617265205618e+000 ,-4.33749528516166e+000°,-6.04570460945292e+000 ,1.75662548914742e+002°
1.22774708278787e+001,-5.05024388123669e+001 ,1.75553563638437e+002°,-2.82488047446117e+001 ,-9.44414245757723e+001°,-5.99502754250828e+000 ,-4.43830075171173e+000°,-6.04687713595838e+000 ,1.75561744182347e+002°
1.25605859883189e+001,-5.01052010173787e+001 ,1.75450583387298e+002°,-2.80495867494598e+001 ,-9.45445301970603e+001°,-5.99382934701031e+000 ,-4.54148639616663e+000°,-6.04810535957911e+000 ,1.75458559268630e+002°
1.28502297078731e+001,-4.97079076923870e+001 ,1.75345159996062e+002°,-2.78503132242503e+001 ,-9.46500764186645e+001°,-5.99257562140603e+000 ,-4.64711105887335e+000°,-6.04939197468475e+000 ,1.75352935331704e+002°
1.31465525333508e+001,-4.93105562823765e+001 ,1.75237233090314e+002°,-2.76509816139586e+001 ,-9.47581236788293e+001°,-5.99126381066595e+000 ,-4.75523521885077e+000°,-6.05073981062858e+000 ,1.75244811890870e+002°
1.34497084831302e+001,-4.89131441165895e+001 ,1.75126740596922e+002°,-2.74515892478241e+001 ,-9.48687341132461e+001°,-5.98989124402421e+000 ,-4.86592105175797e+000°,-6.05215183894890e+000 ,1.75134126768636e+002°
1.37598551272117e+001,-4.85156684034746e+001 ,1.75013618683321e+002°,-2.72521333342905e+001 ,-9.49819716157839e+001°,-5.98845512991969e+000 ,-4.97923249065397e+000°,-6.05363118099559e+000 ,1.75020816029945e+002°
1.40771536691173e+001,-4.81181262254249e+001 ,1.74897801693837e+002°,-2.70526109557458e+001 ,-9.50979019021965e+001°,-5.98695255073480e+000 ,-5.09523528972178e+000°,-6.05518111600995e+000 ,1.74904813918439e+002°
1.44017690296786e+001,-4.77205145333072e+001 ,1.74779222082862e+002°,-2.68530190630524e+001 ,-9.52165925769684e+001°,-5.98538045732653e+000 ,-5.21399709113649e+000°,-6.05680508968941e+000 ,1.74786052789578e+002°
1.47338699327572e+001,-4.73228301407815e+001 ,1.74657810344740e+002°,-2.66533544698643e+001 ,-9.53381132035099e+001°,-5.98373566334343e+000 ,-5.33558749527585e+000°,-6.05850672326996e+000 ,1.74664463040412e+002°
1.50736289929412e+001,-4.69250697183963e+001 ,1.74533494939959e+002°,-2.64536138467248e+001 ,-9.54625353778913e+001°,-5.98201483932291e+000 ,-5.46007813447952e+000°,-6.06028982316265e+000 ,1.74539973035809e+002°
1.54212228052647e+001,-4.65272297874622e+001 ,1.74406202217798e+002°,-2.62537937149384e+001 ,-9.55899328063621e+001°,-5.98021450656347e+000 ,-5.58754275058213e+000°,-6.06215839118302e+000 ,1.74412509030903e+002°
1.57768320369952e+001,-4.61293067136931e+001 ,1.74275856334702e+002°,-2.60538904402123e+001 ,-9.57203813868741e+001°,-5.97833103076624e+000 ,-5.71805727645787e+000°,-6.06411663541560e+000 ,1.74281995089528e+002°
1.61406415215389e+001,-4.57312967006088e+001 ,1.74142379168621e+002°,-2.58539002260624e+001 ,-9.58539592948802e+001°,-5.97636061544083e+000 ,-5.85169992183478e+000°,-6.06616898175904e+000 ,1.74148352998390e+002°
1.65128403545104e+001,-4.53331957827069e+001 ,1.74005690228611e+002°,-2.56538191069791e+001 ,-9.59907470736696e+001°,-5.97429929507106e+000 ,-5.98855126365090e+000°,-6.06832008620127e+000 ,1.74011502176685e+002°
1.68936219920179e+001,-4.49349998183815e+001 ,1.73865706559744e+002°,-2.54536429413484e+001 ,-9.61308277295459e+001°,-5.97214292803611e+000 ,-6.12869434124799e+000°,-6.07057484787826e+000 ,1.73871359580882e+002°
1.72831843512153e+001,-4.45367044825916e+001 ,1.73722342642797e+002°,-2.52533674041249e+001 ,-9.62742868321546e+001°,-5.96988718928348e+000 ,-6.27221475671572e+000°,-6.07293842297430e+000 ,1.73727839604354e+002°
1.76817299131726e+001,-4.41383052592922e+001 ,1.73575510288422e+002°,-2.50529879792537e+001 ,-9.64212126203005e+001°,-5.96752756275100e+000 ,-6.41920078072717e+000°,-6.07541623952677e+000 ,1.73580853971520e+002°
1.80894658281185e+001,-4.37397974335912e+001 ,1.73425118525558e+002°,-2.48524999518389e+001 ,-9.65716961136158e+001°,-5.96505933353524e+000 ,-6.56974346422321e+000°,-6.07801401320411e+000 ,1.73430311626123e+002°
1.85066040231102e+001,-4.33411760836778e+001 ,1.73271073483519e+002°,-2.46518984000577e+001 ,-9.67258312304685e+001°,-5.96247757980562e+000 ,-6.72393675633693e+000°,-6.08073776413100e+000 ,1.73276118613282e+002°
1.89333613121855e+001,-4.29424360724662e+001 ,1.73113278267449e+002°,-2.44511781868200e+001 ,-9.68837149125262e+001°,-5.95977716446364e+000 ,-6.88187762897393e+000°,-6.08359383484214e+000 ,1.73118177954873e+002°
1.93699595090551e+001,-4.25435720390130e+001 ,1.72951632826700e+002°,-2.42503339511735e+001 ,-9.70454472564239e+001°,-5.95695272654871e+000 ,-7.04366620849321e+000°,-6.08658890945246e+000 ,1.72956389517814e+002°
1.98166255423942e+001,-4.21445783896705e+001 ,1.72786033815593e+002°,-2.40493600994590e+001 ,-9.72111316530047e+001°,-5.95399867239269e+000 ,-7.20940591496935e+000°,-6.08973003413992e+000 ,1.72790649874763e+002°
2.02735915737920e+001,-4.17454492889859e+001 ,1.72616374446115e+002°,-2.38482507962181e+001 ,-9.73808749346691e+001°,-5.95090916652811e+000 ,-7.37920360954961e+000°,-6.09302463904566e+000 ,1.72620852156715e+002°
2.07410951184210e+001,-4.13461786503814e+001 ,1.72442544331927e+002°,-2.36469999548616e+001 ,-9.75547875313597e+001°,-5.94767812235608e+000 ,-7.55316975045836e+000°,-6.09648056170633e+000 ,1.72446885896957e+002°
2.12193791684895e+001,-4.09467601265821e+001 ,1.72264429323199e+002°,-2.34456012281054e+001 ,-9.77329836357884e+001°,-5.94429919258244e+000 ,-7.73141855823939e+000°,-6.10010607214264e+000 ,1.72268636865772e+002°
2.17086923195406e+001,-4.05471870998351e+001 ,1.72081911331485e+002°,-2.32440479981861e+001 ,-9.79155813785463e+001°,-5.94076575943369e+000 ,-7.91406819087590e+000°,-6.10390989974156e+000 ,1.72085986895266e+002°
2.22092888996634e+001,-4.01474526719190e+001 ,1.71894868144110e+002°,-2.30423333668719e+001 ,-9.81027030137629e+001°,-5.93707092466692e+000 ,-8.10124092946840e+000°,-6.10790126208147e+000 ,1.71898813693630e+002°
2.27214291016839e+001,-3.97475496539656e+001 ,1.71703173227221e+002°,-2.28404501452833e+001 ,-9.82944751160665e+001°,-5.93320749939143e+000 ,-8.29306337520660e+000°,-6.11208989586368e+000 ,1.71706990648110e+002°
2.32453791184044e+001,-3.93474705561161e+001 ,1.71506695516765e+002°,-2.26383908435488e+001 ,-9.84910287896224e+001°,-5.92916799372396e+000 ,-8.48966665842357e+000°,-6.11648609013032e+000 ,1.71510386615877e+002°
2.37814112809615e+001,-3.89472075770324e+001 ,1.71305299196557e+002°,-2.24361476603200e+001 ,-9.86924998901071e+001°,-5.92494460630391e+000 ,-8.69118666057942e+000°,-6.12110072196496e+000 ,1.71308865701978e+002°
2.43298042003740e+001,-3.85467525933100e+001 ,1.71098843462464e+002°,-2.22337124721782e+001 ,-9.88990292605131e+001°,-5.92052921369944e+000 ,-8.89776425008634e+000°,-6.12594529489254e+000 ,1.71102287023424e+002°
2.48908429123558e+001,-3.81460971488069e+001 ,1.70887182271820e+002°,-2.20310768229688e+001 ,-9.91107629817880e+001°,-5.91591335974286e+000 ,-9.10954553295277e+000°,-6.13103198021604e+000 ,1.70890504458459e+002°
2.54648190254670e+001,-3.77452324439556e+001 ,1.70670164076916e+002°,-2.18282319131099e+001 ,-9.93278526393317e+001°,-5.91108824483820e+000 ,-9.32668211930024e+000°,-6.13637366155130e+000 ,1.70673366379955e+002°
2.60520308726827e+001,-3.73441493250932e+001 ,1.70447631541541e+002°,-2.16251685889243e+001 ,-9.95504556065066e+001°,-5.90604471529363e+000 ,-9.54933140688276e+000°,-6.14198398284738e+000 ,1.70450715371783e+002°
2.66527836664554e+001,-3.69428382738792e+001 ,1.70219421239250e+002°,-2.14218773320567e+001 ,-9.97787353463618e+001°,-5.90077325273848e+000 ,-9.77765688282525e+000°,-6.14787740020998e+000 ,1.70222387926967e+002°
2.72673896573547e+001,-3.65412893968683e+001 ,1.69985363332144e+002°,-2.12183482490458e+001 ,-1.00012861732886e+002°,-5.89526396369568e+000 ,-1.00118284448883e+001°,-6.15406923787732e+000 ,1.69988214126300e+002°
2.78961682963637e+001,-3.61394924153197e+001 ,1.69745281228709e+002°,-2.10145710611337e+001 ,-1.00253011393188e+002°,-5.88950656939058e+000 ,-1.02520227436623e+001°,-6.16057574873417e+000 ,1.69748017296012e+002°
2.85394464009190e+001,-3.57374366553355e+001 ,1.69498991219206e+002°,-2.08105350944054e+001 ,-1.00499368072123e+002°,-5.88349039589076e+000 ,-1.04984235472033e+001°,-6.16741417979100e+000 ,1.69501613643000e+002°
2.91975583247790e+001,-3.53351110384410e+001 ,1.69246302086999e+002°,-2.06062292703683e+001 ,-1.00752123020976e+002°,-5.87720436468545e+000 ,-1.07512221297304e+001°,-6.17460284309965e+000 ,1.69248811865967e+002°
2.98708461318093e+001,-3.49325040727298e+001 ,1.68987014694092e+002°,-2.04016420970963e+001 ,-1.01011475411953e+002°,-5.87063698382964e+000 ,-1.10106176861293e+001°,-6.18216119262773e+000 ,1.68989412740753e+002°
3.05596597737759e+001,-3.45296038447140e+001 ,1.68720921538970e+002°,-2.01967616610829e+001 ,-1.01277632780353e+002°,-5.86377633979675e+000 ,-1.12768177741352e+001°,-6.19010990767046e+000 ,1.68723208677967e+002°
3.12643572722382e+001,-3.41263980120539e+001 ,1.68447806284757e+002°,-1.99915756199668e+001 ,-1.01550811496428e+002°,-5.85661009020469e+000 ,-1.15500387862032e+001°,-6.19847098344170e+000 ,1.68449983250915e+002°
3.19853049046357e+001,-3.37228737973439e+001 ,1.68167443255528e+002°,-1.97860711963208e+001 ,-1.01831237269087e+002°,-5.84912545760472e+000 ,-1.18305064532274e+001°,-6.20726782955666e+000 ,1.68169510691656e+002°
3.27228773946668e+001,-3.33190179831817e+001 ,1.67879596898455e+002°,-1.95802351727197e+001 ,-1.02119145683770e+002°,-5.84130922454867e+000 ,-1.21184563824234e+001°,-6.21652537719862e+000 ,1.67881555352886e+002°
3.34774581070574e+001,-3.29148169087599e+001 ,1.67584021209307e+002°,-1.93740538883331e+001 ,-1.02414782776966e+002°,-5.83314773018257e+000 ,-1.24141346318555e+001°,-6.22627019585059e+000 ,1.67585871133142e+002°
3.42494392468200e+001,-3.25102564682713e+001 ,1.67280459118641e+002°,-1.91675132373280e+001 ,-1.02718405650029e+002°,-5.82462686864845e+000 ,-1.27177983242728e+001°,-6.23653062057318e+000 ,1.67282200862678e+002°
3.50392220631091e+001,-3.21053221114375e+001 ,1.66968641835843e+002°,-1.89605986694009e+001 ,-1.03030283125170e+002°,-5.81573208961677e+000 ,-1.30297163030995e+001°,-6.24733689092284e+000 ,1.66970275647160e+002°
3.58472170577761e+001,-3.16999988465428e+001 ,1.66648288147959e+002°,-1.87532951928084e+001 ,-1.03350696446627e+002°,-5.80644840131702e+000 ,-1.33501698336282e+001°,-6.25872130273173e+000 ,1.66649814166125e+002°
3.66738441987342e+001,-3.12942712463805e+001 ,1.66319103670070e+002°,-1.85455873803153e+001 ,-1.03679940030312e+002°,-5.79676037648535e+000 ,-1.36794533526698e+001°,-6.27071837411288e+000 ,1.66320521922950e+002°
3.75195331382432e+001,-3.08881234575942e+001 ,1.65980780043747e+002°,-1.83374593785356e+001 ,-1.04018322265377e+002°,-5.78665216170624e+000 ,-1.40178752701323e+001°,-6.28336502721703e+000 ,1.65982090442851e+002°
3.83847234362282e+001,-3.04815392139584e+001 ,1.65632994079867e+002°,-1.81288949212129e+001 ,-1.04366166371409e+002°,-5.77610749069193e+000 ,-1.43657588262289e+001°,-6.29670078744946e+000 ,1.65634196415218e+002°
3.92698647887470e+001,-3.00745018542138e+001 ,1.65275406841870e+002°,-1.79198773470550e+001 ,-1.04723811315186e+002°,-5.76510970211777e+000 ,-1.47234430082424e+001°,-6.31076800206200e+000 ,1.65276500776342e+002°
4.01754172617273e+001,-2.96669943451626e+001 ,1.64907662665299e+002°,-1.77103896228300e+001 ,-1.05091612791158e+002°,-5.75364176271776e+000 ,-1.50912835310189e+001°,-6.32561208026992e+000 ,1.64908647728355e+002°
4.11018515300928e+001,-2.92589993108244e+001 ,1.64529388109191e+002°,-1.75004143725220e+001 ,-1.05469944270073e+002°,-5.74168629644027e+000 ,-1.54696538855979e+001°,-6.34128175730822e+000 ,1.64530263689984e+002°
4.20496491224037e+001,-2.88504990685638e+001 ,1.64140190834689e+002°,-1.72899339134583e+001 ,-1.05859198120370e+002°,-5.72922562057525e+000 ,-1.58589464606286e+001°,-6.35782938514489e+000 ,1.64140956174448e+002°
4.30193026711386e+001,-2.84414756732238e+001 ,1.63739658405986e+002°,-1.70789303004427e+001 ,-1.06259786807266e+002°,-5.71624178988745e+000 ,-1.62595737414531e+001°,-6.37531125291000e+000 ,1.63740312589614e+002°
4.40113161687481e+001,-2.80319109704419e+001 ,1.63327357008493e+002°,-1.68673853790719e+001 ,-1.06672144174589e+002°,-5.70271664993281e+000 ,-1.66719695919598e+001°,-6.39378794049164e+000 ,1.63327898955301e+002°
4.50262052296127e+001,-2.76217866604870e+001 ,1.62902830078942e+002°,-1.66552808495720e+001 ,-1.07096726814697e+002°,-5.68863190089469e+000 ,-1.70965906245099e+001°,-6.41332470919360e+000 ,1.62903258532412e+002°
4.60644973580409e+001,-2.72110843741346e+001 ,1.62465596841936e+002°,-1.64425983426739e+001 ,-1.07534015531944e+002°,-5.67396917345904e+000 ,-1.75339176634114e+001°,-6.43399193385872e+000 ,1.62465910358422e+002°
4.71267322224483e+001,-2.67997857623062e+001 ,1.62015150747354e+002°,-1.62293195092519e+001 ,-1.07984516905287e+002°,-5.65871011845355e+000 ,-1.79844573075400e+001°,-6.45586558144253e+000 ,1.62015347683588e+002°
4.82134619358582e+001,-2.63878726014301e+001 ,1.61550957802936e+002°,-1.60154261256856e+001 ,-1.08448764955719e+002°,-5.64283651220865e+000 ,-1.84487435977798e+001°,-6.47902774168626e+000 ,1.61551036302212e+002°
4.93252513428712e+001,-2.59753269167470e+001 ,1.61072454796391e+002°,-1.58009002171643e+001 ,-1.08927322924171e+002°,-5.62633037986253e+000 ,-1.89273397949392e+001°,-6.50356721630097e+000 ,1.61072412773267e+002°
5.04626783132516e+001,-2.55621311260796e+001 ,1.60579047401486e+002°,-1.55857242014571e+001 ,-1.09420785165444e+002°,-5.60917413913056e+000 ,-1.94208402736871e+001°,-6.52958017394907e+000 ,1.60578882524830e+002°
5.16263340422846e+001,-2.51482682069232e+001 ,1.60070108162823e+002°,-1.53698810560029e+001 ,-1.09929779163442e+002°,-5.59135076739552e+000 ,-1.99298725378034e+001°,-6.55717087931526e+000 ,1.60069817837002e+002°
5.28168233580588e+001,-2.47337218900921e+001 ,1.59544974354429e+002°,-1.51533545115575e+001 ,-1.10454967672601e+002°,-5.57284399535436e+000 ,-2.04550993616123e+001°,-6.58645250571684e+000 ,1.59544555698405e+002°
5.40347650358351e+001,-2.43184768835863e+001 ,1.59002945707941e+002°,-1.49361292760589e+001 ,-1.10997050989714e+002°,-5.55363853088375e+000 ,-2.09972210618227e+001°,-6.61754804203850e+000 ,1.59002395532017e+002°
5.52807921196649e+001,-2.39025191308153e+001 ,1.58443282007079e+002°,-1.47181912928529e+001 ,-1.11556769359477e+002°,-5.53372031726487e+000 ,-2.15569779030796e+001°,-6.65059130632031e+000 ,1.58442596786987e+002°
5.65555522514243e+001,-2.34858361078593e+001 ,1.57865200546381e+002°,-1.44995280379516e+001 ,-1.12134905515765e+002°,-5.51307683044277e+000 ,-2.21351526392549e+001°,-6.68572808011138e+000 ,1.57864376394354e+002°
5.78597080074360e+001,-2.30684171650344e+001 ,1.57267873453876e+002°,-1.42801288616010e+001 ,-1.12732287358978e+002°,-5.49169742059277e+000 ,-2.27325731908018e+001°,-6.72311737977252e+000 ,1.57266906086307e+002°
5.91939372428539e+001,-2.26502539187022e+001 ,1.56650424879610e+002°,-1.40599853800888e+001 ,-1.13349790767528e+002°,-5.46957370392875e+000 ,-2.33501154562496e+001°,-6.76293288331492e+000 ,1.56649309580817e+002°
6.05589334439885e+001,-2.22313406999866e+001 ,1.56011928054873e+002°,-1.38390919244614e+001 ,-1.13988342538625e+002°,-5.44670001142014e+000 ,-2.39887062530055e+001°,-6.80536453416131e+000 ,1.56010659636417e+002°
6.19554060887573e+001,-2.18116750678714e+001 ,1.55351402230674e+002°,-1.36174460536219e+001 ,-1.14648923449817e+002°,-5.42307390188901e+000 ,-2.46493263789017e+001°,-6.85062034648126e+000 ,1.55349974985597e+002°
6.33840810154470e+001,-2.13912583950242e+001 ,1.54667809508763e+002°,-1.33950491401534e+001 ,-1.15332571427986e+002°,-5.39869674783392e+000 ,-2.53330137812038e+001°,-6.89892844057312e+000 ,1.54666217159966e+002°
6.48457007999789e+001,-2.09700965356414e+001 ,1.53960051584408e+002°,-1.31719070381634e+001 ,-1.16040384806584e+002°,-5.37357440327409e+000 ,-2.60408668138533e+001°,-6.95053934124539e+000 ,1.53958287226304e+002°
6.63410251418745e+001,-2.05482005856144e+001 ,1.53226966427574e+002°,-1.29480308434508e+001 ,-1.16773525644468e+002°,-5.34771796391551e+000 ,-2.67740475563186e+001°,-7.00572857742163e+000 ,1.53225022459940e+002°
6.78708312591212e+001,-2.01255877463801e+001 ,1.52467324938294e+002°,-1.27234377573555e+001 ,-1.17533223070547e+002°,-5.32114463100120e+000 ,-2.75337851582489e+001°,-7.06479962741654e+000 ,1.52465192991080e+002°
6.94359142921431e+001,-1.97022823049062e+001 ,1.51679827623318e+002°,-1.24981520667435e+001 ,-1.18320776607141e+002°,-5.29387869129578e+000 ,-2.83213791628475e+001°,-7.12808726170298e+000 ,1.51677498470922e+002°
7.10370877170875e+001,-1.92783167433509e+001 ,1.50863101354941e+002°,-1.22722062536668e+001 ,-1.19137559411176e+002°,-5.26595262674506e+000 ,-2.91382027480743e+001°,-7.19596134376530e+000 ,1.50860564818149e+002°
7.26751837686421e+001,-1.88537329929791e+001 ,1.50015696289639e+002°,-1.20456422492790e+001 ,-1.19985021355563e+002°,-5.23740836839147e+000 ,-2.99857058080347e+001°,-7.26883116012473e+000 ,1.50012941123093e+002°
7.43510538726016e+001,-1.84285838478482e+001 ,1.49136083044394e+002°,-1.18185128475211e+001 ,-1.20864691852880e+002°,-5.20829871005957e+000 ,-3.08654177766795e+001°,-7.34715036323754e+000 ,1.49133096806971e+002°
7.60655690884096e+001,-1.80029345545107e+001 ,1.48222650252817e+002°,-1.15908832948237e+001 ,-1.21778182299272e+002°,-5.17868889805842e+000 ,-3.17789500717083e+001°,-7.43142262622561e+000 ,1.48219419157759e+002°
7.78196205619050e+001,-1.75768645943994e+001 ,1.47273702651993e+002°,-1.13628330724921e+001 ,-1.22727187987622e+002°,-5.14865841356570e+000 ,-3.27279980077541e+001°,-7.52220812699133e+000 ,1.47270211392908e+002°
7.96141199885091e+001,-1.71504696755026e+001 ,1.46287459884918e+002°,-1.11344578883811e+001 ,-1.23713489305122e+002°,-5.11830296430299e+000 ,-3.37143419939700e+001°,-7.62013100209806e+000 ,1.46283691432890e+002°
8.14500000870932e+001,-1.67238639492105e+001 ,1.45262056243045e+002°,-1.09058718937411e+001 ,-1.24738951990751e+002°,-5.08773670138110e+000 ,-3.47398477915106e+001°,-7.72588793908441e+000 ,1.45257991608949e+002°
8.33282150847738e+001,-1.62971824665436e+001 ,1.44195541619140e+002°,-1.06772101394465e+001 ,-1.25805526182430e+002°,-5.05709467552826e+000 ,-3.58064655607048e+001°,-7.84025811127555e+000 ,1.44191159573799e+002°
8.52497412128872e+001,-1.58705838850518e+001 ,1.43085883992603e+002°,-1.04486312828941e+001 ,-1.26915243931717e+002°,-5.02653554398839e+000 ,-3.69162273757630e+001°,-7.96411470393330e+000 ,1.43081160735551e+002°
8.72155772144001e+001,-1.54442534330819e+001 ,1.41930973827466e+002°,-1.02203205522706e+001 ,-1.28070214805829e+002°,-4.99624453478813e+000 ,-3.80712428268035e+001°,-8.09843833791370e+000 ,1.41925882592629e+002°
8.92267448630226e+001,-1.50184061313820e+001 ,1.40728630826731e+002°,-9.99249296815609e+000 ,-1.29272619133316e+002°,-4.96643666834026e+000 ,-3.92736922655465e+001°,-8.24433277134055e+000 ,1.40723141410094e+002°
9.12842894942904e+001,-1.45932902625665e+001 ,1.39476613554019e+002°,-9.76539681298987e+000 ,-1.30524698382431e+002°,-4.93736022690860e+000 ,-4.05258171836915e+001°,-8.40304335752790e+000 ,1.39470691744099e+002°
9.33892805488941e+001,-1.41691910661764e+001 ,1.38172632502136e+002°,-9.53931732612895e+000 ,-1.31828742092576e+002°,-4.90930044966676e+000 ,-4.18299071443795e+001°,-8.57597886769849e+000 ,1.38166239388298e+002°
9.55428121285378e+001,-1.37464346202242e+001 ,1.36814367253954e+002°,-9.31458058539388e+000 ,-1.33187070713447e+002°,-4.88258341424321e+000 ,-4.31882826213430e+001°,-8.76473746341031e+000 ,1.36807458379825e+002°
9.77460035646154e+001,-1.33253918485309e+001 ,1.35399488437944e+002°,-9.09155751440440e+000 ,-1.34602013649508e+002°,-4.85758004405675e+000 ,-4.46032730434016e+001°,-8.97113784595153e+000 ,1.35392012756452e+002°
1.00000000000000e+002,-1.29064825661803e+001 ,1.33925685220355e+002°,-8.87066792803350e+000 ,-1.36075881767832e+002°,-4.83471015376999e+000 ,-4.60771893023098e+001°,-9.19725694819407e+000 ,1.33917583791987e+002°
1.02305972984251e+002,-1.24901794425988e+001 ,1.32390699087077e+002°,-8.65238449548749e+000 ,-1.37610933616261e+002°,-4.81444641236908e+000 ,-4.76122899709311e+001°,-9.44547601397371e+000 ,1.32381903441849e+002°
1.04665121082543e+002,-1.20770117230009e+001 ,1.30792364636095e+002°,-8.43723646174992e+000 ,-1.39209334630963e+002°,-4.79731806460711e+000 ,-4.92107405108074e+001°,-9.71853760117960e+000 ,1.30782794689473e+002°
1.07078670498640e+002,-1.16675685046782e+001 ,1.29128658008508e+002°,-8.22581292387102e+000 ,-1.40873108705432e+002°,-4.78391420729317e+000 ,-5.08745648411742e+001°,-1.00196170575561e+001 ,1.29118219377275e+002°
1.09547875712234e+002,-1.12625013162024e+001 ,1.27397753411597e+002°,-8.01876541016985e+000 ,-1.42604081667439e+002°,-4.77488636849386e+000 ,-5.26055888159250e+001°,-1.03524135289140e+001 ,1.27386333909889e+002°
1.12074020130978e+002,-1.08625256975439e+001 ,1.25598087909320e+002°,-7.81680946035232e+000 ,-1.44403816488557e+002°,-4.77095008765088e+000 ,-5.44053754331447e+001°,-1.07212678557958e+001 ,1.25585552905001e+002°
1.14658416757563e+002,-1.04684214314435e+001 ,1.23728434252340e+002°,-7.62072485688216e+000 ,-1.46273540454146e+002°,-4.77288514695146e+000 ,-5.62751520051171e+001°,-1.11313182782417e+001 ,1.23714620408229e+002°
1.17302408872162e+002,-1.00810310369648e+001 ,1.21787980974069e+002°,-7.43135411853349e+000 ,-1.48214065067335e+002°,-4.78153406488030e+000 ,-5.82157300623114e+001°,-1.15887105278676e+001 ,1.21772687649776e+002°
1.20007370730629e+002,-9.70125611281408e+000 ,1.19776418283797e+002°,-7.24959884370919e+000 ,-1.50225700155904e+002°,-4.79779843953733e+000 ,-6.02274194602878e+001°,-1.21008881140782e+001 ,1.19759395464449e+002°
1.22774708278787e+002,-9.33005112031831e+000 ,1.17694027451545e+002°,-7.07641349341883e+000 ,-1.52308164487456e+002°,-4.82263273161511e+000 ,-6.23099389948767e+001°,-1.26770041190388e+001 ,1.17674958372388e+002°
1.25605859883189e+002,-8.96841423463368e+000 ,1.15541770434676e+002°,-6.91279624248636e+000 ,-1.54460496142827e+002°,-4.85703511560575e+000 ,-6.44623267756047e+001°,-1.33285228147903e+001 ,1.15520245835833e+002°
1.28502297078731e+002,-8.61737497838475e+000 ,1.13321375507430e+002°,-6.75977661318866e+000 ,-1.56680966886563e+002°,-4.90203511343880e+000 ,-6.66828545961906e+001°,-1.40701284132925e+001 ,1.13296854165522e+002°
1.31465525333509e+002,-8.27797849297765e+000 ,1.11035413721154e+002°,-6.61839974656787e+000 ,-1.58967005706716e+002°,-4.95867786579292e+000 ,-6.89689514743528e+001°,-1.49211516744080e+001 ,1.11007159433213e+002°
1.34497084831303e+002,-7.95126650298718e+000 ,1.08687360279745e+002°,-6.48970736681790e+000 ,-1.61315137439422e+002°,-5.02800509648157e+000 ,-7.13171422764028e+001°,-1.59079140503817e+001 ,1.08654336157389e+002°
1.37598551272118e+002,-7.63825528428204e+000 ,1.06281634522275e+002°,-6.37471574940875e+000 ,-1.63720942786294e+002°,-5.11103308057652e+000 ,-7.37230077346554e+001°,-1.70677998433481e+001 ,1.06242314454981e+002°
1.40771536691173e+002,-7.33991124256478e+000 ,1.03823612329409e+002°,-6.27439129962569e+000 ,-1.66179045908025e+002°,-5.20872822294631e+000 ,-7.61811720410464e+001°,-1.84568439499231e+001 ,1.03775617256650e+002°
1.44017690296787e+002,-7.05712501963332e+000 ,1.01319605553781e+002°,-6.18962465882989e+000 ,-1.68683134994037e+002°,-5.32198116451586e+000 ,-7.86853234167996e+001°,-2.01652314808138e+001 ,1.01258924610062e+002°
1.47338699327573e+002,-6.79068533284639e+000 ,9.87768045959404e+001°,-6.12120454392293e+000 ,-1.71226019686552e+002°,-5.45158062173027e+000 ,-8.12282715365115e+001°,-2.23532418099132e+001 ,9.86958644238184e+001°
1.50736289929413e+002,-6.54125397480675e+000 ,9.62031824853949e+001°,-6.06979274702912e+000 ,-1.73799726999574e+002°,-5.59818838623596e+000 ,-8.38020434471533e+001°,-2.53519349892323e+001 ,9.60848621006062e+001°
1.54212228052647e+002,-6.30934351082868e+000 ,9.36073616324031e+001°,-6.03590183296199e+000 ,-1.76395634567119e+002°,-5.76231702234632e+000 ,-8.63980168163148e+001°,-3.00523082914459e+001 ,9.33973370448810e+001°
1.57768320369953e+002,-6.09529917600354e+000 ,9.09984475131051e+001°,-6.01987703628875e+000 ,-1.79004636958104e+002°,-5.94431176410518e+000 ,-8.90070862471153e+001°,-4.12232249425920e+001 ,9.02145860937389e+001°
1.61406415215390e+002,-5.89928627466405e+000 ,8.83858365599720e+001°,-6.02188366079351e+000 ,1.78382662214073e+002°,-6.14433791474877e+000 ,-9.16198553877955e+001°,-3.70080036456968e+001 ,-9.11174594964847e+001°
1.65128403545105e+002,-5.72128403104836e+000 ,8.57790080327107e+001°,-6.04190093014032e+000 ,1.75775742162420e+002°,-6.36237469736771e+000 ,-9.42268450608533e+001°,-2.86760119774395e+001 ,-9.40254033339068e+001°
1.68936219920180e+002,-5.56108636628550e+000 ,8.31873112630177e+001°,-6.07972276485716e+000 ,1.73183952171077e+002°,-6.59821603188989e+000 ,-9.68187060183345e+001°,-2.45330265401410e+001 ,-9.66881566270779e+001°
1.72831843512154e+002,-5.41830954123904e+000 ,8.06197601425902e+001°,-6.13496542517867e+000 ,1.70616306083304e+002°,-6.85147817792180e+000 ,-9.93864244538637e+001°,-2.17745802563766e+001 ,-9.92874059397555e+001°
1.76817299131727e+002,-5.29240607710816e+000 ,7.80848459802007e+001°,-6.20708143164564e+000 ,1.68081295158531e+002°,-7.12161365534681e+000 ,-1.01921509145614e+002°,-1.97213496253667e+001 ,-1.01840219176192e+002°
1.80894658281186e+002,-5.18268391428520e+000 ,7.55903780109673e+001°,-6.29537872396137e+000 ,1.65586728581600e+002°,-7.40793040318019e+000 ,-1.04416150947084e+002°,-1.80997519973608e+001 ,-1.04346151636069e+002°
1.85066040231103e+002,-5.08832944830038e+000 ,7.31433581897630e+001°,-6.39904369693493e+000 ,1.63139608256151e+002°,-7.70961481551081e+000 ,-1.06863347993730e+002°,-1.67715696756886e+001 ,-1.06801115337429e+002°
1.89333613121855e+002,-5.00843291921443e+000 ,7.07498938358898e+001°,-6.51716658987217e+000 ,1.60746041449269e+002°,-8.02575713089084e+000 ,-1.09256993058343e+002°,-1.56568983245737e+001 ,-1.09200387041587e+002°
1.93699595090551e+002,-4.94201462984193e+000 ,6.84151486339907e+001°,-6.64876770479761e+000 ,1.58411191792368e+002°,-8.35537765055591e+000 ,-1.11591922550184e+002°,-1.47051405074411e+001 ,-1.11539544754829e+002°
1.98166255423943e+002,-4.88805060693980e+000 ,6.61433297967000e+001°,-6.79282306764128e+000 ,1.56139266443815e+002°,-8.69745239961041e+000 ,-1.13863929352380e+002°,-1.38820591678106e+001 ,-1.13814814479012e+002°
2.02735915737920e+002,-4.84549655980492e+000 ,6.39377071078367e+001°,-6.94828838683459e+000 ,1.53933535132093e+002°,-9.05093708562157e+000 ,-1.16069743778780e+002°,-1.31632830486461e+001 ,-1.16023196413520e+002°
2.07410951184210e+002,-4.81330928755059e+000 ,6.18006582097506e+001°,-7.11412046058495e+000 ,1.51796375443123e+002°,-9.41478850589241e+000 ,-1.18206988286665e+002°,-1.25307567454166e+001 ,-1.18162489909538e+002°
2.12193791684896e+002,-4.79046499656937e+000 ,5.97337338710428e+001°,-7.28929549433680e+000 ,1.49729338087950e+002°,-9.78798286492074e+000 ,-1.20274112209072e+002°,-1.19706676448939e+001 ,-1.20231265046083e+002°
2.17086923195407e+002,-4.77597427847991e+000 ,5.77377369749192e+001°,-7.47282407871645e+000 ,1.47733225891070e+002°,-1.01695307523422e+001 ,-1.22270312766497e+002°,-1.14721695380875e+001 ,-1.22228804253528e+002°
2.22092888996635e+002,-4.76889374271119e+000 ,5.58128094535532e+001°,-7.66376282211426e+000 ,1.45808180724761e+002°,-1.05584887755101e+001 ,-1.24195448132588e+002°,-1.10265616243147e+001 ,-1.24155027531523e+002°
2.27214291016839e+002,-4.76833448491952e+000 ,5.39585221925532e+001°,-7.86122281909941e+000 ,1.43953773413521e+002°,-1.09539680279085e+001 ,-1.26049947529726e+002°,-1.06267404422330e+001 ,-1.26010410028520e+002°
2.32453791184045e+002,-4.77346770062239e+000 ,5.21739638858568e+001°,-8.06437526405160e+000 ,1.42169092588928e+002°,-1.13551397027812e+001 ,-1.27834722374192e+002°,-1.02668219775430e+001 ,-1.27795897968912e+002°
2.37814112809616e+002,-4.78352782778187e+000 ,5.04578258077234e+001°,-8.27245459374200e+000 ,1.40452829461605e+002°,-1.17612382357106e+001 ,-1.29551081504232e+002°,-9.94187353650862e+000 ,-1.29512827034564e+002°
2.43298042003742e+002,-4.79781363171473e+000 ,4.88084803933768e+001°,-8.48475957224095e+000 ,1.38803356401822e+002°,-1.21715623895228e+001 ,-1.31200652599469e+002°,-9.64771855162376e+000 ,-1.31162845921457e+002°
2.48908429123559e+002,-4.81568764141059e+000 ,4.72240523268035e+001°,-8.70065272723346e+000 ,1.37218798027270e+002°,-1.25854746906007e+001 ,-1.32785311093164e+002°,-9.38079114968941e+000 ,-1.32747846735518e+002°
2.54648190254672e+002,-4.83657431865143e+000 ,4.57024814963970e+001°,-8.91955851913609e+000 ,1.35697094158665e+002°,-1.30023995979979e+001 ,-1.34307117216638e+002°,-9.13802550529111e+000 ,-1.34269903088852e+002°
2.60520308726828e+002,-4.85995729947494e+000 ,4.42415776920161e+001°,-9.14096058255734e+000 ,1.34236054516771e+002°,-1.34218207448965e+001 ,-1.35768261302270e+002°,-8.91677006069541e+000 ,-1.35731216162618e+002°
2.66527836664556e+002,-4.88537599888479e+000 ,4.28390672907747e+001°,-9.36439833100507e+000 ,1.32833405408158e+002°,-1.38432775433115e+001 ,-1.37171017097772e+002°,-8.71471989638683e+000 ,-1.37134068579565e+002°
2.72673896573548e+002,-4.91242181972492e+000 ,4.14926324320131e+001°,-9.58946316575764e+000 ,1.31486828900136e+002°,-1.42663613929589e+001 ,-1.38517702591283e+002°,-8.52986261112897e+000 ,-1.38480785645536e+002°
2.78961682963639e+002,-4.94073415897309e+000 ,4.01999433363603e+001°,-9.81579448215415e+000 ,1.30193995139776e+002°,-1.46907116875423e+001 ,-1.39810647692373e+002°,-8.36043444159524e+000 ,-1.39773703345359e+002°
2.85394464009192e+002,-4.96999636159496e+000 ,3.89586845015384e+001°,-1.00430756234452e+001 ,1.28952588549682e+002°,-1.51160117686011e+001 ,-1.41052168036304e+002°,-8.20488427480247e+000 ,-1.41015142388212e+002°
2.91975583247791e+002,-4.99993173463535e+000 ,3.77665755286499e+001°,-1.02710298948805e+001 ,1.27760328654236e+002°,-1.55419849395937e+001 ,-1.42244544157815e+002°,-8.06184383906303e+000 ,-1.42207387568130e+002°
2.98708461318094e+002,-5.03029970272813e+000 ,3.66213873141517e+001°,-1.04994167192151e+001 ,1.26614986271534e+002°,-1.59683906214004e+001 ,-1.43390005299214e+002°,-7.93010279975030e+000 ,-1.43352671718223e+002°
3.05596597737761e+002,-5.06089216047591e+000 ,3.55209542983527e+001°,-1.07280279890851e+001 ,1.25514395761844e+002°,-1.63950207046955e+001 ,-1.44490717161953e+002°,-7.80858779806013e+000 ,-1.44453163577698e+002°
3.12643572722383e+002,-5.09153005667628e+000 ,3.44631834017227e+001°,-1.09566846512299e+001 ,1.24456463963870e+002°,-1.68216961341648e+001 ,-1.45548772970397e+002°,-7.69634469524333e+000 ,-1.45510958947655e+002°
3.19853049046358e+002,-5.12206022949375e+000 ,3.34460602134251e+001°,-1.11852335416598e+001 ,1.23439176383249e+002°,-1.72482637436697e+001 ,-1.46566187283358e+002°,-7.59252344859687e+000 ,-1.46528074576590e+002°
3.27228773946670e+002,-5.15235249968646e+000 ,3.24676529278651e+001°,-1.14135444788782e+001 ,1.22460601129049e+002°,-1.76745933494643e+001 ,-1.47544892057631e+002°,-7.49636516696725e+000 ,-1.47506444283808e+002°
3.34774581070575e+002,-5.18229702021043e+000 ,3.15261144583995e+001°,-1.16415076134811e+001 ,1.21518891027441e+002°,-1.81005750997908e+001 ,-1.48486734534358e+002°,-7.40719098491970e+000 ,-1.48447916894629e+002°
3.42494392468202e+002,-5.21180187431565e+000 ,3.06196830950083e+001°,-1.18690310262487e+001 ,1.20612284279323e+002°,-1.85261170729658e+001 ,-1.49393476581437e+002°,-7.32439246448653e+000 ,-1.49354255622888e+002°
3.50392220631093e+002,-5.24079091006777e+000 ,2.97466820160001e+001°,-1.20960385626612e+001 ,1.19739103971978e+002°,-1.89511431118912e+001 ,-1.50266795181897e+002°,-7.24742328736903e+000 ,-1.50227138592407e+002°
3.58472170577762e+002,-5.26920179661605e+000 ,2.89055179132508e+001°,-1.23224678891622e+001 ,1.18897756704270e+002°,-1.93755908803123e+001 ,-1.51108283808744e+002°,-7.17579204274338e+000 ,-1.51068160239338e+002°
3.66738441987343e+002,-5.29698428609530e+000 ,2.80946789461630e+001°,-1.25482687550544e+001 ,1.18086730540554e+002°,-1.97994101247077e+001 ,-1.51919454471089e+002°,-7.10905594932666e+000 ,-1.51878833381234e+002°
3.75195331382434e+002,-5.32409866448972e+000 ,2.73127322011995e+001°,-1.27734014433577e+001 ,1.17304592470160e+002°,-2.02225611251421e+001 ,-1.52701740254693e+002°,-7.04681537720489e+000 ,-1.52660591776863e+002°
3.83847234362283e+002,-5.35051437485222e+000 ,2.65583208010838e+001°,-1.29978353940228e+001 ,1.16549985516544e+002°,-2.06450133184729e+001 ,-1.53456498212865e+002°,-6.98870905663952e+000 ,-1.53414793033323e+002°
3.92698647887472e+002,-5.37620879677230e+000 ,2.58301607800109e+001°,-1.32215479833918e+001 ,1.15821625612449e+002°,-2.10667440778053e+001 ,-1.54185012491336e+002°,-6.93440987878884e+000 ,-1.54142721744658e+002°
4.01754172617275e+002,-5.40116616677244e+000 ,2.51270378179167e+001°,-1.34445234445886e+001 ,1.15118298334122e+002°,-2.14877376328755e+001 ,-1.54888497594083e+002°,-6.88362120785198e+000 ,-1.54845592769351e+002°
4.11018515300930e+002,-5.42537662527618e+000 ,2.44478039074467e+001°,-1.36667519144796e+001 ,1.14438855568229e+002°,-2.19079841170045e+001 ,-1.55568101716457e+002°,-6.83607363620670e+000 ,-1.55524554573406e+002°
4.20496491224038e+002,-5.44883537684821e+000 ,2.37913740112017e+001°,-1.38882285939063e+001 ,1.13782212169048e+002°,-2.23274787273235e+001 ,-1.56224910088030e+002°,-6.79152212416152e+000 ,-1.56180692581710e+002°
4.30193026711388e+002,-5.47154195149835e+000 ,2.31567227536360e+001°,-1.41089530089816e+001 ,1.13147342650313e+002°,-2.27462209860624e+001 ,-1.56859948280800e+002°,-6.74974347435658e+000 ,-1.56815032493547e+002°
4.40113161687483e+002,-5.49349955592735e+000 ,2.25428811812003e+001°,-1.43289283623277e+001 ,1.12533277945295e+002°,-2.31642140917799e+001 ,-1.57474185449146e+002°,-6.71053409792752e+000 ,-1.57428543528844e+002°
4.50262052296129e+002,-5.51471450464137e+000 ,2.19489336155729e+001°,-1.45481609641820e+001 ,1.11939102259984e+002°,-2.35814643504605e+001 ,-1.58068537476701e+002°,-6.67370803552648e+000 ,-1.58022141580469e+002°
4.60644973580411e+002,-5.53519572185853e+000 ,2.13740146177632e+001°,-1.47666597342943e+001 ,1.11363950037125e+002°,-2.39979806774039e+001 ,-1.58643870012354e+002°,-6.63909520136599e+000 ,-1.58596692254924e+002°
4.71267322224485e+002,-5.55495430606066e+000 ,2.08173060752261e+001°,-1.49844357664702e+001 ,1.10807003043280e+002°,-2.44137741617580e+001 ,-1.59201001383241e+002°,-6.60653982276391e+000 ,-1.59153013789406e+002°
4.82134619358584e+002,-5.57400314990492e+000 ,2.02780344196431e+001°,-1.52015019484722e+001 ,1.10267487586543e+002°,-2.48288576864116e+001 ,-1.59740705377076e+002°,-6.57589905134960e+000 ,-1.59691879837656e+002°
4.93252513428714e+002,-5.59235660899696e+000 ,1.97554679794870e+001°,-1.54178726307830e+001 ,1.09744671869043e+002°,-2.52432455967466e+001 ,-1.60263713889700e+002°,-6.54704172523861e+000 ,-1.60214022120575e+002°
5.04626783132518e+002,-5.61003021374398e+000 ,1.92489144687452e+001°,-1.56335633384478e+001 ,1.09237863475604e+002°,-2.56569534124707e+001 ,-1.60770719436468e+002°,-6.51984726418416e+000 ,-1.60720132940275e+002°
5.16263340422848e+002,-5.62704041915345e+000 ,1.87577186110537e+001°,-1.58485905208622e+001 ,1.08746406997816e+002°,-2.60699975773938e+001 ,-1.61262377528237e+002°,-6.49420468203359e+000 ,-1.61210867558377e+002°
5.28168233580590e+002,-5.64340438802664e+000 ,1.82812598968937e+001°,-1.60629713349535e+001 ,1.08269681791158e+002°,-2.64823952425979e+001 ,-1.61739308914283e+002°,-6.47001170281764e+000 ,-1.61686846440954e+002°
5.40347650358353e+002,-5.65913980351680e+000 ,1.78189504703190e+001°,-1.62767234577270e+001 ,1.07807099861667e+002°,-2.68941640789716e+001 ,-1.62202101695703e+002°,-6.44717396852397e+000 ,-1.62148657373668e+002°
5.52807921196651e+002,-5.67426470748972e+000 ,1.73702331408210e+001°,-1.64898649246141e+001 ,1.07358103877724e+002°,-2.73053221155452e+001 ,-1.62651313313672e+002°,-6.42560432809880e+000 ,-1.62596857451561e+002°
5.65555522514245e+002,-5.68879736153892e+000 ,1.69345795153517e+001°,-1.67024139904733e+001 ,1.06922165302016e+002°,-2.77158876004791e+001 ,-1.63087472417544e+002°,-6.40522219851111e+000 ,-1.63031974948468e+002°
5.78597080074362e+002,-5.70275612787682e+000 ,1.65114882451421e+001°,-1.69143890104681e+001 ,1.06498782638271e+002°,-2.81258788819277e+001 ,-1.63511080618170e+002°,-6.38595298983416e+000 ,-1.63454511071479e+002°
5.91939372428541e+002,-5.71615936765168e+000 ,1.61004833817349e+001°,-1.71258083383690e+001 ,1.06087479787227e+002°,-2.85353143063269e+001 ,-1.63922614131996e+002°,-6.36772758727278e+000 ,-1.63864941606012e+002°
6.05589334439888e+002,-5.72902535452947e+000 ,1.57011128365636e+001°,-1.73366902401201e+001 ,1.05687804506130e+002°,-2.89442121319458e+001 ,-1.64322525321616e+002°,-6.35048188391193e+000 ,-1.64263718457222e+002°
6.19554060887576e+002,-5.74137220163686e+000 ,1.53129469384174e+001°,-1.75470528207656e+001 ,1.05299326966123e+002°,-2.93525904557979e+001 ,-1.64711244138453e+002°,-6.33415635869938e+000 ,-1.64651271093387e+002°
6.33840810154473e+002,-5.75321780018852e+000 ,1.49355770832112e+001°,-1.77569139630612e+001 ,1.04921638401938e+002°,-2.97604671522351e+001 ,-1.65089179473129e+002°,-6.31869569482055e+000 ,-1.65028007896891e+002°
6.48457007999791e+002,-5.76457976832244e+000 ,1.45686144706271e+001°,-1.79662912762911e+001 ,1.04554349848458e+002°,-3.01678598217484e+001 ,-1.65456720418962e+002°,-6.30404843418605e+000 ,-1.65394317428233e+002°
6.63410251418748e+002,-5.77547540884322e+000 ,1.42116889223609e+001°,-1.81752020539930e+001 ,1.04197090958882e+002°,-3.05747857486747e+001 ,-1.65814237453877e+002°,-6.29016666424503e+000 ,-1.65750569608351e+002°
6.78708312591215e+002,-5.78592167472999e+000 ,1.38644477769207e+001°,-1.83836632394470e+001 ,1.03849508899438e+002°,-3.09812618666669e+001 ,-1.66162083545753e+002°,-6.27700573376966e+000 ,-1.66097116824312e+002°
6.94359142921433e+002,-5.79593514140292e+000 ,1.35265548561487e+001°,-1.85916913979218e+001 ,1.03511267315822e+002°,-3.13873047309204e+001 ,-1.66500595186055e+002°,-6.26452399463462e+000 ,-1.66434294963210e+002°
7.10370877170877e+002,-5.80553198486306e+000 ,1.31976894988657e+001°,-1.87993026947933e+001 ,1.03182045366756e+002°,-3.17929304962711e+001 ,-1.66830093356351e+002°,-6.25268256694823e+000 ,-1.66762424378880e+002°
7.26751837686424e+002,-5.81472796492790e+000 ,1.28775456572872e+001°,-1.90065128787584e+001 ,1.02861536820314e+002°,-3.21981549003881e+001 ,-1.67150884432055e+002°,-6.24144512518544e+000 ,-1.67081810795781e+002°
7.43510538726019e+002,-5.82353841287843e+000 ,1.25658310520907e+001°,-1.92133372694586e+001 ,1.02549449208900e+002°,-3.26029932513747e+001 ,-1.67463261027520e+002°,-6.23077770322970e+000 ,-1.67392746154185e+002°
7.60655690884099e+002,-5.83197822291690e+000 ,1.22622663822582e+001°,-1.94197907489139e+001 ,1.02245503039002e+002°,-3.30074604191786e+001 ,-1.67767502786371e+002°,-6.22064851645920e+000 ,-1.67695509400529e+002°
7.78196205619053e+002,-5.84006184690726e+000 ,1.19665845860449e+001°,-1.96258877562375e+001 ,1.01949431052059e+002°,-3.34115708302828e+001 ,-1.68063877120700e+002°,-6.21102779921333e+000 ,-1.67990367226613e+002°
7.96141199885094e+002,-5.84780329193456e+000 ,1.16785301496510e+001°,-1.98316422851692e+001 ,1.01660977533047e+002°,-3.38153384652126e+001 ,-1.68352639902575e+002°,-6.20188765615273e+000 ,-1.68277574761047e+002°
8.14500000870935e+002,-5.85521612027686e+000 ,1.13978584603885e+001°,-2.00370678840191e+001 ,1.01379897663542e+002°,-3.42187768584532e+001 ,-1.68634036111046e+002°,-6.19320192618387e+000 ,-1.68557376216168e+002°
8.33282150847742e+002,-5.86231345143215e+000 ,1.11243352013418e+001°,-2.02421776576658e+001 ,1.01105956916284e+002°,-3.46218991004196e+001 ,-1.68908300437671e+002°,-6.18494605775749e+000 ,-1.68830005493436e+002°
8.52497412128875e+002,-5.86910796588776e+000 ,1.08577357847149e+001°,-2.04469842712952e+001 ,1.00838930488421e+002°,-3.50247178411667e+001 ,-1.69175657853353e+002°,-6.17709699447492e+000 ,-1.69095686750103e+002°
8.72155772144005e+002,-5.87561191035808e+000 ,1.05978448212450e+001°,-2.06514999556067e+001 ,1.00578602770827e+002°,-3.54272452955642e+001 ,-1.69436324139112e+002°,-6.16963307004469e+000 ,-1.69354634929797e+002°
8.92267448630230e+002,-5.88183710425017e+000 ,1.03444556232376e+001°,-2.08557365132452e+001 ,1.00324766851021e+002°,-3.58294932496975e+001 ,-1.69690506383250e+002°,-6.16253391173041e+000 ,-1.69607056259451e+002°
9.12842894942907e+002,-5.88779494714793e+000 ,1.00973697389423e+001°,-2.10597053262507e+001 ,1.00077224047447e+002°,-3.62314730682838e+001 ,-1.69938403447168e+002°,-6.15578035151673e+000 ,-1.69853148714871e+002°
9.33892805488944e+002,-5.89349642713103e+000 ,9.85639651614513e+000°,-2.12634173643405e+001 ,9.98357834729544e+001°,-3.66331957029195e+001 ,-1.70180206401973e+002°,-6.14935434429869e+000 ,-1.70093102457060e+002°
9.55428121285382e+002,-5.89895212976881e+000 ,9.62135269299732e+000°,-2.14668831938653e+001 ,9.96002616255132e+001°,-3.70346717010000e+001 ,-1.70416098937861e+002°,-6.14323889246726e+000 ,-1.70327100241289e+002°
9.77460035646158e+002,-5.90417224764932e+000 ,9.39206201423718e+000°,-2.16701129872978e+001 ,9.93704820043288e+001°,-3.74359112151707e+001 ,-1.70646257748096e+002°,-6.13741797632648e+000 ,-1.70555317800750e+002°
1.00000000000001e+003,-5.90916659032282e+000 ,9.16835487108952e+000°,-2.18731165331350e+001 ,9.91462747496240e+001°,-3.78369240131895e+001 ,-1.70870852889330e+002°,-6.13187648983247e+000 ,-1.70777924206514e+002°
1.02305972984252e+003,-5.91394459455392e+000 ,8.95006796324574e+000°,-2.20759032461059e+001 ,9.89274763045062e+001°,-3.82377194880933e+001 ,-1.71090048119834e+002°,-6.12660018119334e+000 ,-1.70995082205389e+002°
1.04665121082543e+003,-5.91851533479101e+000 ,8.73704398143779e+000°,-2.22784821775959e+001 ,9.87139290974211e+001°,-3.86383066685793e+001 ,-1.71304001217153e+002°,-6.12157559791335e+000 ,-1.71206948537169e+002°
1.07078670498640e+003,-5.92288753377471e+000 ,8.52913130922407e+000°,-2.24808620262066e+001 ,9.85054812438202e+001°,-3.90386942295200e+001 ,-1.71512864276540e+002°,-6.11679003590442e+000 ,-1.71413674232646e+002°
1.09547875712234e+003,-5.92706957321680e+000 ,8.32618374270044e+000°,-2.26830511483850e+001 ,9.83019862657515e+001°,-3.94388905025454e+001 ,-1.71716783991474e+002°,-6.11223149232311e+000 ,-1.71615404893694e+002°
1.12074020130979e+003,-5.93106950449134e+000 ,8.12806022693961e+000°,-2.28850575690621e+001 ,9.81033028281723e+001°,-3.98389034866325e+001 ,-1.71915901917459e+002°,-6.10788862182318e+000 ,-1.71812280956595e+002°
1.14658416757563e+003,-5.93489505928843e+000 ,7.93462460804588e+000°,-2.30868889922514e+001 ,9.79092944908846e+001°,-4.02387408586532e+001 ,-1.72110354720202e+002°,-6.10375069594241e+000 ,-1.72004437939743e+002°
1.17302408872162e+003,-5.93855366018758e+000 ,7.74574539978875e+000°,-2.32885528115653e+001 ,9.77198294750365e+001°,-4.06384099838368e+001 ,-1.72300274409228e+002°,-6.09980756536831e+000 ,-1.72192006676753e+002°
1.20007370730630e+003,-5.94205243111510e+000 ,7.56129556385207e+000°,-2.34900561206116e+001 ,9.75347804432457e+001°,-4.10379179261120e+001 ,-1.72485788557873e+002°,-6.09604962485012e+000 ,-1.72375113535937e+002°
1.22774708278788e+003,-5.94539820765521e+000 ,7.38115230280197e+000°,-2.36914057232423e+001 ,9.73540242924362e+001°,-4.14372714582967e+001 ,-1.72667020510569e+002°,-6.09246778054572e+000 ,-1.72553880627051e+002°
1.25605859883189e+003,-5.94859754718932e+000 ,7.20519686493858e+000°,-2.38926081436267e+001 ,9.71774419585601e+001°,-4.18364770721114e+001 ,-1.72844089578246e+002°,-6.08905341961080e+000 ,-1.72728425996138e+002°
1.28502297078732e+003,-5.95165673884302e+000 ,7.03331436025550e+000°,-2.40936696361289e+001 ,9.70049182324219e+001°,-4.22355409879941e+001 ,-1.73017111222633e+002°,-6.08579838185444e+000 ,-1.72898863809261e+002°
1.31465525333509e+003,-5.95458181322364e+000 ,6.86539358678311e+000°,-2.42945961949741e+001 ,9.68363415858878e+001°,-4.26344691647004e+001 ,-1.73186197230183e+002°,-6.08269493330132e+000 ,-1.73065304525825e+002°
1.34497084831303e+003,-5.95737855193477e+000 ,6.70132686664366e+000°,-2.44953935636866e+001 ,9.66716040078037e+001°,-4.30332673086740e+001 ,-1.73351455876277e+002°,-6.07973574151358e+000 ,-1.73227855062185e+002°
1.37598551272118e+003,-5.96005249685702e+000 ,6.54100989119058e+000°,-2.46960672442923e+001 ,9.65106008489989e+001°,-4.34319408831774e+001 ,-1.73512992080367e+002°,-6.07691385253888e+000 ,-1.73386618946149e+002°
1.40771536691174e+003,-5.96260895918726e+000 ,6.38434157464848e+000°,-2.48966225062742e+001 ,9.63532306757848e+001°,-4.38304951171746e+001 ,-1.73670907552606e+002°,-6.07422266936248e+000 ,-1.73541696462974e+002°
1.44017690296787e+003,-5.96505302822974e+000 ,6.23122391571059e+000°,-2.50970643952780e+001 ,9.61993951314154e+001°,-4.42289350139582e+001 ,-1.73825300932534e+002°,-6.07165593175068e+000 ,-1.73693184793384e+002°
1.47338699327573e+003,-5.96738957993598e+000 ,6.08156186658617e+000°,-2.52973977415602e+001 ,9.60489988049890e+001°,-4.46272653595190e+001 ,-1.73976267920317e+002°,-6.06920769738369e+000 ,-1.73841178144131e+002°
1.50736289929413e+003,-5.96962328519065e+000 ,5.93526320902695e+000°,-2.54976271681798e+001 ,9.59019491073397e+001°,-4.50254907306531e+001 ,-1.74123901401007e+002°,-6.06687232418310e+000 ,-1.73985767871562e+002°
1.54212228052648e+003,-5.97175861784265e+000 ,5.79223843689150e+000°,-2.56977570989299e+001 ,9.57581561534528e+001°,-4.54236155028077e+001 ,-1.74268291562273e+002°,-6.06464445374809e+000 ,-1.74127042598634e+002°
1.57768320369953e+003,-5.97379986248213e+000 ,5.65240064483800e+000°,-2.58977917660107e+001 ,9.56175326510162e+001°,-4.58216438576638e+001 ,-1.74409526006003e+002°,-6.06251899582090e+000 ,-1.74265088325789e+002°
1.61406415215391e+003,-5.97575112196444e+000 ,5.51566542276284e+000°,-2.60977352174444e+001 ,9.54799937947184e+001°,-4.62195797904574e+001 ,-1.74547689854171e+002°,-6.06049111370803e+000 ,-1.74399988536069e+002°
1.65128403545105e+003,-5.97761632468382e+000 ,5.38195075562782e+000°,-2.62975913242356e+001 ,9.53454571659283e+001°,-4.66174271170430e+001 ,-1.74682865849307e+002°,-6.05855621059110e+000 ,-1.74531824294829e+002°
1.68936219920180e+003,-5.97939923159974e+000 ,5.25117692834360e+000°,-2.64973637872781e+001 ,9.52138426374352e+001°,-4.70151894806993e+001 ,-1.74815134449927e+002°,-6.05670991666474e+000 ,-1.74660674344380e+002°
1.72831843512154e+003,-5.98110344301981e+000 ,5.12326643539836e+000°,-2.66970561440131e+001 ,9.50850722829371e+001°,-4.74128703586830e+001 ,-1.74944573921215e+002°,-6.05494807704483e+000 ,-1.74786615193877e+002°
1.76817299131727e+003,-5.98273240514336e+000 ,4.99814389494202e+000°,-2.68966717748423e+001 ,9.49590702909777e+001°,-4.78104730685328e+001 ,-1.75071260421251e+002°,-6.05326674039478e+000 ,-1.74909721204734e+002°
1.80894658281187e+003,-5.98428941637083e+000 ,4.87573596705499e+000°,-2.70962139093009e+001 ,9.48357628830761e+001°,-4.82080007741303e+001 ,-1.75195268083061e+002°,-6.05166214822119e+000 ,-1.75030064671839e+002°
1.85066040231104e+003,-5.98577763338362e+000 ,4.75597127594867e+000°,-2.72956856319943e+001 ,9.47150782357834e+001°,-4.86054564915197e+001 ,-1.75316669092737e+002°,-6.05013072479412e+000 ,-1.75147715900827e+002°
1.89333613121856e+003,-5.98720007700031e+000 ,4.63878033586176e+000°,-2.74950898883047e+001 ,9.45969464064412e+001°,-4.90028430944941e+001 ,-1.75435533763863e+002°,-6.04866906765087e+000 ,-1.75262743281645e+002°
1.93699595090552e+003,-5.98855963781437e+000 ,4.52409548043133e+000°,-2.76944294898723e+001 ,9.44812992624132e+001°,-4.94001633199511e+001 ,-1.75551930608469e+002°,-6.04727393864486e+000 ,-1.75375213358621e+002°
1.98166255423943e+003,-5.98985908161965e+000 ,4.41185079533233e+000°,-2.78937071198570e+001 ,9.43680704135918e+001°,-4.97974197730254e+001 ,-1.75665926404715e+002°,-6.04594225550412e+000 ,-1.75485190897255e+002°
2.02735915737921e+003,-5.99110105462912e+000 ,4.30198205399288e+000°,-2.80929253379858e+001 ,9.42571951479758e+001°,-5.01946149320023e+001 ,-1.75777586261510e+002°,-6.04467108386682e+000 ,-1.75592738947920e+002°
2.07410951184211e+003,-5.99228808849309e+000 ,4.19442665620474e+000°,-2.82920865853911e+001 ,9.41486103701512e+001°,-5.05917511530188e+001 ,-1.75886973680225e+002°,-6.04345762976342e+000 ,-1.75697918906647e+002°
2.12193791684897e+003,-5.99342260512308e+000 ,4.08912356946011e+000°,-2.84911931892473e+001 ,9.40422545425061e+001°,-5.09888306745569e+001 ,-1.75994150613686e+002°,-6.04229923251703e+000 ,-1.75800790573176e+002°
2.17086923195408e+003,-5.99450692132682e+000 ,3.98601327285705e+000°,-2.86902473672091e+001 ,9.39380676290081e+001°,-5.13858556217351e+001 ,-1.76099177522607e+002°,-6.04119335803595e+000 ,-1.75901412206420e+002°
2.22092888996636e+003,-5.99554325326105e+000 ,3.88503770342534e+000°,-2.88892512316584e+001 ,9.38359910414149e+001°,-5.17828280104047e+001 ,-1.76202113429581e+002°,-6.04013759247437e+000 ,-1.75999840577487e+002°
2.27214291016840e+003,-5.99653372070766e+000 ,3.78614020473446e+000°,-2.90882067937657e+001 ,9.37359675877680e+001°,-5.21797497510551e+001 ,-1.76303015970813e+002°,-6.03912963623792e+000 ,-1.76096131020412e+002°
2.32453791184046e+003,-5.99748035117937e+000 ,3.68926547765401e+000°,-2.92871159673700e+001 ,9.36379414230487e+001°,-5.25766226525338e+001 ,-1.76401941445679e+002°,-6.03816729831403e+000 ,-1.76190337480719e+002°
2.37814112809617e+003,-5.99838508386038e+000 ,3.59435953314486e+000°,-2.94859805726843e+001 ,9.35418580018667e+001°,-5.29734484255875e+001 ,-1.76498944864265e+002°,-6.03724849090637e+000 ,-1.76282512561928e+002°
2.43298042003742e+003,-5.99924977338826e+000 ,3.50136964696734e+000°,-2.96848023398305e+001 ,9.34476640330806e+001°,-5.33702286862289e+001 ,-1.76594079992978e+002°,-6.03637122435634e+000 ,-1.76372707570139e+002°
2.48908429123560e+003,-6.00007619348206e+000 ,3.41024431619922e+000°,-2.98835829122094e+001 ,9.33553074362238e+001°,-5.37669649589345e+001 ,-1.76687399398349e+002°,-6.03553360233362e+000 ,-1.76460972556777e+002°
2.54648190254672e+003,-6.00086604042309e+000 ,3.32093321746370e+000°,-3.00823238497117e+001 ,9.32647372996674e+001°,-5.41636586796788e+001 ,-1.76778954489121e+002°,-6.03473381728053e+000 ,-1.76547356359621e+002°
2.60520308726829e+003,-6.00162093639259e+000 ,3.23338716677298e+000°,-3.02810266317727e+001 ,9.31759038403933e+001°,-5.45603111988098e+001 ,-1.76868795556712e+002°,-6.03397014609534e+000 ,-1.76631906642192e+002°
2.66527836664557e+003,-6.00234243267271e+000 ,3.14755808089936e+000°,-3.04796926602776e+001 ,9.30887583653154e+001°,-5.49569237837709e+001 ,-1.76956971814148e+002°,-6.03324094604034e+000 ,-1.76714669931592e+002°
2.72673896573549e+003,-6.00303201271498e+000 ,3.06339894019086e+000°,-3.06783232623207e+001 ,9.30032532340551e+001°,-5.53534976216741e+001 ,-1.77043531433539e+002°,-6.03254465086216e+000 ,-1.76795691654894e+002°
2.78961682963640e+003,-6.00369109508210e+000 ,2.98086375275323e+000°,-3.08769196928231e+001 ,9.29193418230960e+001°,-5.57500338217286e+001 ,-1.77128521582192e+002°,-6.03187976711224e+000 ,-1.76875016174125e+002°
2.85394464009193e+003,-6.00432103626711e+000 ,2.89990751992565e+000°,-3.10754831370131e+001 ,9.28369784912483e+001°,-5.61465334175310e+001 ,-1.77211988457403e+002°,-6.03124487065583e+000 ,-1.76952686819956e+002°
2.91975583247792e+003,-6.00492313339545e+000 ,2.82048620298053e+000°,-3.12740147127738e+001 ,9.27561185463570e+001°,-5.65429973692194e+001 ,-1.77293977320029e+002°,-6.03063860335931e+000 ,-1.77028745924136e+002°
2.98708461318095e+003,-6.00549862681382e+000 ,2.74255669098339e+000°,-3.14725154728605e+001 ,9.26767182131860e+001°,-5.69394265654983e+001 ,-1.77374532526877e+002°,-6.03005966994561e+000 ,-1.77103234850750e+002°
3.05596597737762e+003,-6.00604870257074e+000 ,2.66607676975122e+000°,-3.16709864069936e+001 ,9.25987346024182e+001°,-5.73358218255369e+001 ,-1.77453697561988e+002°,-6.02950683500877e+000 ,-1.77176194026352e+002°
3.12643572722384e+003,-6.00657449479294e+000 ,2.59100509185232e+000°,-3.18694284438284e+001 ,9.25221256807237e+001°,-5.77321839007459e+001 ,-1.77531515066855e+002°,-6.02897892017868e+000 ,-1.77247662969043e+002°
3.19853049046359e+003,-6.00707708796155e+000 ,2.51730114759321e+000°,-3.20678424528063e+001 ,9.24468502418367e+001°,-5.81285134764365e+001 ,-1.77608026869642e+002°,-6.02847480142778e+000 ,-1.77317680316537e+002°
3.27228773946671e+003,-6.00755751909247e+000 ,2.44492523694210e+000°,-3.22662292458907e+001 ,9.23728678785927e+001°,-5.85248111733675e+001 ,-1.77683274013452e+002°,-6.02799340651224e+000 ,-1.77386283853263e+002°
3.34774581070577e+003,-6.00801677982485e+000 ,2.37383844234016e+000°,-3.24645895791897e+001 ,9.23001389558905e+001°,-5.89210775491816e+001 ,-1.77757296783665e+002°,-6.02753371254044e+000 ,-1.77453510536567e+002°
3.42494392468203e+003,-6.00845581842061e+000 ,2.30400260235601e+000°,-3.26629241544691e+001 ,9.22286245845132e+001°,-5.93173130997388e+001 ,-1.77830134734432e+002°,-6.02709474366161e+000 ,-1.77519396522034e+002°
3.50392220631094e+003,-6.00887554168003e+000 ,2.23538028613997e+000°,-3.28612336205584e+001 ,9.21582865957985e+001°,-5.97135182603475e+001 ,-1.77901826714330e+002°,-6.02667556886869e+000 ,-1.77583977188000e+002°
3.58472170577764e+003,-6.00927681677544e+000 ,2.16793476863794e+000°,-3.30595185746520e+001 ,9.20890875170925e+001°,-6.01096934069005e+001 ,-1.77972410891227e+002°,-6.02627529990907e+000 ,-1.77647287159269e+002°
3.66738441987345e+003,-6.00966047300746e+000 ,2.10163000652675e+000°,-3.32577795635073e+001 ,9.20209905479723e+001°,-6.05058388569183e+001 ,-1.78041924776399e+002°,-6.02589308929783e+000 ,-1.77709360330091e+002°
3.75195331382435e+003,-6.01002730348650e+000 ,2.03643061483450e+000°,-3.34560170845430e+001 ,9.19539595371881e+001°,-6.09019548705038e+001 ,-1.78110405247923e+002°,-6.02552812842791e+000 ,-1.77770229886427e+002°
3.83847234362285e+003,-6.01037806674288e+000 ,1.97230184421210e+000°,-3.36542315868393e+001 ,9.18879589603139e+001°,-6.12980416512158e+001 ,-1.78177888573382e+002°,-6.02517964577244e+000 ,-1.77829928327533e+002°
3.92698647887473e+003,-6.01071348826824e+000 ,1.90920955882321e+000°,-3.38524234720404e+001 ,9.18229538980528e+001°,-6.16940993468604e+001 ,-1.78244410431906e+002°,-6.02484690517426e+000 ,-1.77888487486906e+002°
4.01754172617277e+003,-6.01103426199179e+000 ,1.84712021482226e+000°,-3.40505930951630e+001 ,9.17589100151996e+001°,-6.20901280502118e+001 ,-1.78310005935580e+002°,-6.02452920421846e+000 ,-1.77945938552610e+002°
4.11018515300932e+003,-6.01134105169334e+000 ,1.78600083939120e+000°,-3.42487407653108e+001 ,9.16957935401973e+001°,-6.24861277996599e+001 ,-1.78374709650248e+002°,-6.02422587268346e+000 ,-1.78002312087016e+002°
4.20496491224040e+003,-6.01163449235671e+000 ,1.72581901030740e+000°,-3.44468667462965e+001 ,9.16335712453238e+001°,-6.28820985797977e+001 ,-1.78438555615724e+002°,-6.02393627106667e+000 ,-1.78057638045986e+002°
4.30193026711389e+003,-6.01191519146519e+000 ,1.66654283601673e+000°,-3.46449712571731e+001 ,9.15722104274089e+001°,-6.32780403219463e+001 ,-1.78501577365448e+002°,-6.02365978918146e+000 ,-1.78111945797513e+002°
4.40113161687485e+003,-6.01218373024237e+000 ,1.60814093618645e+000°,-3.48430544726748e+001 ,9.15116788891330e+001°,-6.36739529046296e+001 ,-1.78563807945583e+002°,-6.02339584482116e+000 ,-1.78165264139865e+002°
4.50262052296131e+003,-6.01244066484009e+000 ,1.55058242271480e+000°,-3.50411165235682e+001 ,9.14519449208632e+001°,-6.40698361539997e+001 ,-1.78625279933601e+002°,-6.02314388248721e+000 ,-1.78217621319233e+002°
4.60644973580413e+003,-6.01268652747614e+000 ,1.49383688117417e+000°,-3.52391574969148e+001 ,9.13929772829812e+001°,-6.44656898442228e+001 ,-1.78686025456355e+002°,-6.02290337217835e+000 ,-1.78269045046913e+002°
4.71267322224487e+003,-6.01292182752392e+000 ,1.43787435266684e+000°,-3.54371774362458e+001 ,9.13347451887467e+001°,-6.48615136978325e+001 ,-1.78746076207655e+002°,-6.02267380823766e+000 ,-1.78319562516053e+002°
4.82134619358586e+003,-6.01314705255590e+000 ,1.38266531607259e+000°,-3.56351763416478e+001 ,9.12772182876319e+001°,-6.52573073860540e+001 ,-1.78805463465366e+002°,-6.02245470825441e+000 ,-1.78369200417963e+002°
4.93252513428715e+003,-6.01336266934339e+000 ,1.32818067066868e+000°,-3.58331541697613e+001 ,9.12203666491400e+001°,-6.56530705291130e+001 ,-1.78864218108040e+002°,-6.02224561201890e+000 ,-1.78417984958030e+002°
5.04626783132520e+003,-6.01356912481396e+000 ,1.27439171910365e+000°,-3.60311108336914e+001 ,9.11641607470952e+001°,-6.60488026965344e+001 ,-1.78922370631088e+002°,-6.02204608052649e+000 ,-1.78465941871239e+002°
5.16263340422850e+003,-6.01376684696916e+000 ,1.22127015070702e+000°,-3.62290462028297e+001 ,9.11085714443877e+001°,-6.64445034074406e+001 ,-1.78979951162511e+002°,-6.02185569502969e+000 ,-1.78513096437329e+002°
5.28168233580592e+003,-6.01395624576339e+000 ,1.16878802511790e+000°,-3.64269601025883e+001 ,9.10535699781689e+001°,-6.68401721308616e+001 ,-1.79036989478195e+002°,-6.02167405613504e+000 ,-1.78559473495582e+002°
5.40347650358355e+003,-6.01413771394676e+000 ,1.11691775621616e+000°,-3.66248523140448e+001 ,9.09991279455029e+001°,-6.72358082860665e+001 ,-1.79093515016765e+002°,-6.02150078294335e+000 ,-1.78605097459293e+002°
5.52807921196653e+003,-6.01431162787269e+000 ,1.06563209634061e+000°,-3.68227225734975e+001 ,9.09452172894392e+001°,-6.76314112429298e+001 ,-1.79149556894031e+002°,-6.02133551223086e+000 ,-1.78649992329896e+002°
5.65555522514247e+003,-6.01447834827206e+000 ,1.01490412077904e+000°,-3.70205705719301e+001 ,9.08918102855386e+001°,-6.80269803223459e+001 ,-1.79205143916999e+002°,-6.02117789766934e+000 ,-1.78694181710791e+002°
5.78597080074364e+003,-6.01463822099613e+000 ,9.64707212515857e-001°,-3.72183959543852e+001 ,9.08388795288270e+001°,-6.84225147967072e+001 ,-1.79260304597481e+002°,-6.02102760908373e+000 ,-1.78737688820873e+002°
5.91939372428543e+003,-6.01479157772870e+000 ,9.15015047223266e-001°,-3.74161983192446e+001 ,9.07863979211872e+001°,-6.88180138904607e+001 ,-1.79315067165280e+002°,-6.02088433174521e+000 ,-1.78780536507777e+002°
6.05589334439890e+003,-6.01493873666954e+000 ,8.65801578483023e-001°,-3.76139772174163e+001 ,9.07343386591745e+001°,-6.92134767807645e+001 ,-1.79369459580965e+002°,-6.02074776569811e+000 ,-1.78822747260848e+002°
6.19554060887578e+003,-6.01508000319036e+000 ,8.17041023225496e-001°,-3.78117321514253e+001 ,9.06826752222818e+001°,-6.96089025982591e+001 ,-1.79423509548244e+002°,-6.02061762511923e+000 ,-1.78864343223857e+002°
6.33840810154475e+003,-6.01521567046467e+000 ,7.68707847373964e-001°,-3.80094625744074e+001 ,9.06313813616469e+001°,-7.00042904279825e+001 ,-1.79477244525903e+002°,-6.02049363770802e+000 ,-1.78905346207471e+002°
6.48457007999794e+003,-6.01534602007253e+000 ,7.20776751682042e-001°,-3.82071678890045e+001 ,9.05804310891780e+001°,-7.03996393104442e+001 ,-1.79530691739358e+002°,-6.02037554410623e+000 ,-1.78945777701475e+002°
6.63410251418750e+003,-6.01547132258182e+000 ,6.73222657752778e-001°,-3.84048474461575e+001 ,9.05297986671854e+001°,-7.07949482428920e+001 ,-1.79583878191743e+002°,-6.02026309734573e+000 ,-1.78985658886781e+002°
6.78708312591217e+003,-6.01559183810689e+000 ,6.26020694228177e-001°,-3.86025005437975e+001 ,9.04794585984201e+001°,-7.11902161808009e+001 ,-1.79636830674624e+002°,-6.02015606232310e+000 ,-1.79025010647215e+002°
6.94359142921436e+003,-6.01570781684574e+000 ,5.79146183138318e-001°,-3.88001264254296e+001 ,9.04293856166053e+001°,-7.15854420396086e+001 ,-1.79689575778236e+002°,-6.02005421530017e+000 ,-1.79063853581095e+002°
7.10370877170880e+003,-6.01581949959697e+000 ,5.32574626399756e-001°,-3.89977242786096e+001 ,9.03795546774757e+001°,-7.19806246967401e+001 ,-1.79742139901296e+002°,-6.01995734342882e+000 ,-1.79102208012618e+002°
7.26751837686426e+003,-6.01592711825769e+000 ,4.86281692452586e-001°,-3.91952932333093e+001 ,9.03299409502705e+001°,-7.23757629939629e+001 ,-1.79794549260382e+002°,-6.01986524429955e+000 ,-1.79140094003054e+002°
7.43510538726022e+003,-6.01603089630272e+000 ,4.40243203026862e-001°,-3.93928323601672e+001 ,9.02805198097773e+001°,-7.27708557401032e+001 ,-1.79846829898808e+002°,-6.01977772551241e+000 ,-1.79177531361765e+002°
7.60655690884102e+003,-6.01613104924682e+000 ,3.94435120028207e-001°,-3.95903406686226e+001 ,9.02312668288942e+001°,-7.31659017141876e+001 ,-1.79899007695085e+002°,-6.01969460426931e+000 ,-1.79214539657053e+002°
7.78196205619056e+003,-6.01622778509066e+000 ,3.48833532533467e-001°,-3.97878171049293e+001 ,9.01821577717291e+001°,-7.35608996690470e+001 ,-1.79951108370827e+002°,-6.01961570698746e+000 ,-1.79251138226841e+002°
7.96141199885097e+003,-6.01632130475105e+000 ,3.03414643887396e-001°,-3.99852605500441e+001 ,9.01331685873177e+001°,-7.39558483354506e+001 ,1.79996842501787e+002°,-6.01954086893177e+000 ,-1.79287346189207e+002°
8.14500000870937e+003,-6.01641180247690e+000 ,2.58154758890997e-001°,-4.01826698173890e+001 ,9.00842754038855e+001°,-7.43507464268247e+001 ,1.79944819493103e+002°,-6.01946993386696e+000 ,-1.79323182452766e+002°
8.33282150847744e+003,-6.01649946625138e+000 ,2.13030271073270e-001°,-4.03800436504801e+001 ,9.00354545237800e+001°,-7.47455926446393e+001 ,1.79892797309622e+002°,-6.01940275372738e+000 ,-1.79358665726915e+002°
8.52497412128878e+003,-6.01658447818122e+000 ,1.68017650037419e-001°,-4.05773807204220e+001 ,8.99866824190450e+001°,-7.51403856845166e+001 ,1.79840750788163e+002°,-6.01933918830443e+000 ,-1.79393814531949e+002°
8.72155772144007e+003,-6.01666701487379e+000 ,1.23093428873569e-001°,-4.07746796232604e+001 ,8.99379357276748e+001°,-7.55351242431738e+001 ,1.79788654890634e+002°,-6.01927910495064e+000 ,-1.79428647209043e+002°
8.92267448630233e+003,-6.01674724780314e+000 ,7.82341916291843e-002°,-4.09719388771911e+001 ,8.98891912506233e+001°,-7.59298070262641e+001 ,1.79736484699397e+002°,-6.01922237829998e+000 ,-1.79463181930129e+002°
9.12842894942910e+003,-6.01682534366522e+000 ,3.34165608296997e-002°,-4.11691569196184e+001 ,8.98404259495420e+001°,-7.63244327572412e+001 ,1.79684215413259e+002°,-6.01916889000351e+000 ,-1.79497436707652e+002°
9.33892805488947e+003,-6.01690146472339e+000 ,-1.13828149588352e-002°,-4.13663321040596e+001 ,8.97916169453576e+001°,-7.67190001873470e+001 ,1.79631822344120e+002°,-6.01911852848003e+000 ,-1.79531429404225e+002°
9.55428121285385e+003,-6.01697576914481e+000 ,-5.61872735330781e-002°,-4.15634626968885e+001 ,8.97427415176705e+001°,-7.71135081068376e+001 ,1.79579280914303e+002°,-6.01907118868108e+000 ,-1.79565177742187e+002°
9.77460035646161e+003,-6.01704841132838e+000 ,-1.01020151428924e-001°,-4.17605468739148e+001 ,8.96937771051022e+001°,-7.75079553576115e+001 ,1.79526566654633e+002°,-6.01902677186971e+000 ,-1.79598699313069e+002°
1.00000000000000e+004,-6.01711954222488e+000 ,-1.45904796279265e-001°,-4.19575827167915e+001 ,8.96447013065580e+001°,-7.79023408473499e+001 ,1.79473655203214e+002°,-6.01898518541266e+000 ,-1.79632011586968e+002°
